_CATEGORY_;_NAME_;_DESCRIPTION_;_IMAGE_;_IMAGES_;_ATTRIBUTES_;_SKU_;_URL_
Установки для загрузки и выгрузки;Автоматическая установка выгрузки ж/д цистерн | ARU;"Автоматическая установка выгрузки ж/д цистерн | ARU
Предназначен для ускоренной автоматической выгрузки железнодорожных цистерн. Время выгрузки зависит от сезона и региона, в котором она проводится. Летом выгрузка битума занимает от 7 до 17 часов, зимой — от 10 до 24 часов.
Преимущества ErichHahn ARU
• Быстрый нагрев цистерн и оперативная разгрузка битумных материалов
• Высокая степень автоматизации процесса
• Повышенная износостойкость всех элементов установки
Почему именно ErichHahn ARU?
• Интенсивный нагрев вязких и затвердевающих жидкостей для быстрой выгрузки цистерн
• Полная автоматизация процесса выгрузки
• Высокая энергоэффективность
• Компактное размещение установки на базовой раме
• Соответствие требованиям безопасности
• Высококачественное и проверенное насосное и электротехническое оборудование
";https://www.erichhahn.com.tr/wp-content/uploads/2024/07/ARU-1.png;https://www.erichhahn.com.tr/wp-content/uploads/2024/07/ARU-1.png, https://www.erichhahn.com.tr/wp-content/uploads/2024/07/Banner2.jpg;"Назначение | Автоматическая установка выгрузки ж/д цистерн ErichHahn ARU Предназначена для быстрого нагрева и выгрузки вязких и затвердевших материалов из железнодорожных цистерн.
Характеристики | • Время опустошения цистерны 6–24 часа • Система нагрева внешний теплообменник / погружной теплообменник / пар / циркуляция вязкой жидкости • Мощность по теплопередаче 350 кВт • Габариты (Д x Ш x В) 4700 x 2700 x 6150 мм
Комплектация | • насосный агрегат • фильтр для вязкой жидкости • внешний теплообменник • теплообменный блок • устройство для нижней выгрузки • система трубопроводов • система маслопроводов для нагрева • система автоматизации • теплоизоляция
Установка | • время выгрузки цистерны 7–24 часа • система нагрева внешний теплообменник / погружной теплообменник / пар / циркуляция вязкой жидкости • мощность по теплопередаче 350 кВт • насосная установка • фильтр для вязкой жидкостей • внешний теплообменник • блок теплообменников • устройство нижнего слива • система продуктопроводов • система маслопроводов для обогрева • система автоматизации • теплоизоляция
Рабочая среда | Вязкий нефтепродукт
Климатические условия | Умеренный климат
Температура окружающей среды, °C | -40 до +40
Рабочая температура продукта не более, °C | 180
Рабочее давление, МПа | 0,6
Мощность по теплопередаче, кВт | 350
Время разогрева и слива вязких (темных) нефтепродуктов из 4-осных цистерн грузоподъемностью до 70 тонн при температуре окружающего воздуха: | 
+25°C | 7-17 часов
-40°C | 10-24 часа
Мотор-редуктор | 
Мощность двигателя, кВт | 30
Скорость на выходе, об/мин | 405
Частота тока, Гц | 50
Электрическое напряжение, В | 380
Степень защиты мотор-редуктора | IP55
Муфта | Упруго-компенсирующая со звездочкой
Насос | Шестеренчатый
Условный диаметр входного патрубка, DN, мм | 150
Номинальная производительность, м³/ч | 90
Предохранительный клапан | Предусмотрен
Фильтр | 
Диаметр ячейки сетки фильтрующего элемента, мм | 8
Система нагрева | 
Теплоноситель | Термальное масло
Условный проход присоединительных фланцев, DN, мм | 40
Максимальная температура масла при давлении 0,6 МПа, °C | 200
Система автоматизации | Предусмотрена
Габаритные размеры | 
Длина, L, мм | 4700
Ширина, W, мм | 2700
Высота, H, мм | 6150
Масса установки, не более, кг | 7100
Срок службы, не менее, лет | 10
Страна производства | Турция";%d0%b0%d0%b2%d1%82%d0%be%d0%bc%d0%b0%d1%82%d0%b8%d1%87%d0%b5%d1%81%d0%ba%d0%b0%d1%8f-%d1%83%d1%81%d1%82%d0%b0%d0%bd%d0%be%d0%b2%d0%ba%d0%b0-%d0%b2%d1%8b%d0%b3%d1%80%d1%83%d0%b7%d0%ba%d0%b8-%d0%b6;https://www.erichhahn.com.tr/ru/%d0%b0%d0%b2%d1%82%d0%be%d0%bc%d0%b0%d1%82%d0%b8%d1%87%d0%b5%d1%81%d0%ba%d0%b0%d1%8f-%d1%83%d1%81%d1%82%d0%b0%d0%bd%d0%be%d0%b2%d0%ba%d0%b0-%d0%b2%d1%8b%d0%b3%d1%80%d1%83%d0%b7%d0%ba%d0%b8-%d0%b6/
Установки для загрузки и выгрузки;Автоматический пункт загрузки автотранспорта | ATL;"Автоматический пункт загрузки автотранспорта | ATL
Автоматический пункт загрузки автотранспорта ErichHahn ATL предназначен для налива в автоцистерны вязких и застывающих грузов. Возможен одновременный налив двух автоцистерн. Пропускная способность пункта на два поста достигает 80 автоцистерн или 2000 тонн продукции в сутки.
Преимущества ErichHahn ATL
• Возможность одновременного налива нескольких видов и марок битумных материалов
• Автоматизация и возможность удаленного управления
• Сведение к минимуму влияния человеческого фактора на процесс загрузки битумных материалов
• Высокая производительность оборудования
Почему именно ErichHahn ATL?
• Возможность одновременной загрузки нескольких типов вязких и затвердевающих жидкостей
• Автоматизация процессов и возможность удаленного управления
• Минимизация человеческого фактора при загрузке битумных материалов
• Высокопроизводительное оборудование
• Управление оператором транспортного средства
";https://www.erichhahn.com.tr/wp-content/uploads/2024/07/ATL-2.png;https://www.erichhahn.com.tr/wp-content/uploads/2024/07/ATL-2.png, https://www.erichhahn.com.tr/wp-content/uploads/2024/07/BannerATL.jpg;"Назначение | Автоматический пункт загрузки автотранспорта | ATL Предназначена для одновременной загрузки одной или двух автоцистерн.
Характеристики | • Пропускная способность пункта 30 – 130 м3/час • Количество постов 1 или 2 • Максимальная установленная мощность 7,07 кВт
Комплектация | • система загрузки продукта • мостик переходной • операторская • светофоры светодиодные • навес • шлагбаумы
Спецификация установки | • навес • операторская • система контроля и пожарной безопасности • система загрузки продукта • мостик переходной • светофоры светодиодные • автомобильные весы
Количество постов управления | 2
Рабочая среда | Вязкий нефтепродукт
Климатические условия | Умеренный климат
Температура окружающей среды, °C | -40 до +40
Рабочая температура продукта не более, °C | 200
Рабочее давление, МПа | 0,6
Производительность одного поста, м³/ч | 30-130
Отвод паров | Предусмотрен
Теплоизоляция | Предусмотрена
Навес | Предусмотрен (материал обшивки профлист)
Автомобильные весы | Предусмотрены
Грузоподъемность, тонн | 60
Длина, м | 18
Переходной мостик | Предусмотрен
Шлагбаум | Предусмотрен
Система автоматизации | Предусмотрена
Габаритные размеры | 
Длина, L, мм | 20000
Ширина, W, мм | 12000
Высота, H, мм | 7900
Масса установки, не более, кг | 22000
Срок службы, не менее, лет | 10
Страна производства | Турция";%d0%b0%d0%b2%d1%82%d0%be%d0%bc%d0%b0%d1%82%d0%b8%d1%87%d0%b5%d1%81%d0%ba%d0%b8%d0%b9-%d0%bf%d1%83%d0%bd%d0%ba%d1%82-%d0%b7%d0%b0%d0%b3%d1%80%d1%83%d0%b7%d0%ba%d0%b8-%d0%b0%d0%b2%d1%82%d0%be%d1%82;https://www.erichhahn.com.tr/ru/%d0%b0%d0%b2%d1%82%d0%be%d0%bc%d0%b0%d1%82%d0%b8%d1%87%d0%b5%d1%81%d0%ba%d0%b8%d0%b9-%d0%bf%d1%83%d0%bd%d0%ba%d1%82-%d0%b7%d0%b0%d0%b3%d1%80%d1%83%d0%b7%d0%ba%d0%b8-%d0%b0%d0%b2%d1%82%d0%be%d1%82/
Установки для загрузки и выгрузки;Автоматический пункт разгрузки автотранспорта | ATU;"Автоматический пункт разгрузки автотранспорта | ATU
Автоматический пункт разгрузки автотранспорта ErichHahn ATU предназначен для одновременной разгрузки вязких и застывающих грузов из двух и более автомобильных цистерн и подачи продукта к потребителю либо в парк хранения.
Преимущества ErichHahn ATU
• Пропускная способность пункта 110 – 360 м3/час
• Количество секций 2; 4; 6
• Установленная мощность 44 – 125 кВт
Почему именно ErichHahn ATU?
• Автоматическая система управления безопасностью исключает возможные производственные несчастные случаи
• Независимые линии разгрузки обслуживают несколько автоцистерн одновременно
• Автоматическая система управления фиксирует рабочие данные процесса разгрузки
";https://www.erichhahn.com.tr/wp-content/uploads/2024/08/ATU-2.png;https://www.erichhahn.com.tr/wp-content/uploads/2024/08/ATU-2.png, https://www.erichhahn.com.tr/wp-content/uploads/2024/10/ATU-Banner-2.jpg;"Назначение | Автоматический пункт разгрузки автотранспорта ErichHahn ATU Автоматический пункт разгрузки автотранспорта ErichHahn ATU предназначен для одновременной разгрузки вязких и застывающих грузов из двух и более автомобильных цистерн и подачи продукта к потребителю либо в парк хранения
Комплектация | • силовой каркас (на базе блок-контейнера) • насосное оборудование • фильтр для вязких жидкостей • запорно-регулирующая арматура • операторская с постом управления • приемные рукава • теплоизоляция
Спецификация установки | • время выгрузки цистерны 7–24 часа • система нагрева внешний теплообменный блок / погружной теплообменник / пар / циркуляция вязкой жидкости • теплопередающая мощность 350 кВт • насосное оборудование • фильтр для вязких жидкостей • внешний теплообменник • теплообменный блок • устройство для нижней выгрузки • система трубопроводов • система маслопроводов для нагрева • система автоматизации • теплоизоляция
Рабочая среда | Вязкий нефтепродукт
Климатические условия | Умеренный климат
Температура окружающей среды, °С | от -40 до +40
Номинальная производительность, м³/ч | 110
Температура процесса, до, °С | 180
Температура термального масла, до, °С | 200
Рабочее давление, МПа | 0,6
Количество насосных агрегатов | 3
Потребляемая мощность, кВт | 57
Электрическое напряжение, В | 380
Частота тока, Гц | 50
Степень защиты | IP 54
Количество шлангов автоцистерны | 2
Диаметр присоединительного устройства, DN, мм | 100
Тип соединения | БРС-камлок
Метод нагрева | Косвенный, термальное масло
Пост управления | Предусмотрена
Габаритные размеры (ДхШхВ), мм | 6000×2500×2600
Вес, кг | 7000
Срок службы, лет | 10
Страна производства | Турция";%d0%b0%d0%b2%d1%82%d0%be%d0%bc%d0%b0%d1%82%d0%b8%d1%87%d0%b5%d1%81%d0%ba%d0%b8%d0%b9-%d0%bf%d1%83%d0%bd%d0%ba%d1%82-%d1%80%d0%b0%d0%b7%d0%b3%d1%80%d1%83%d0%b7%d0%ba%d0%b8-%d0%b0%d0%b2%d1%82%d0%be;https://www.erichhahn.com.tr/ru/%d0%b0%d0%b2%d1%82%d0%be%d0%bc%d0%b0%d1%82%d0%b8%d1%87%d0%b5%d1%81%d0%ba%d0%b8%d0%b9-%d0%bf%d1%83%d0%bd%d0%ba%d1%82-%d1%80%d0%b0%d0%b7%d0%b3%d1%80%d1%83%d0%b7%d0%ba%d0%b8-%d0%b0%d0%b2%d1%82%d0%be/
Установки для загрузки и выгрузки;Автоматический пункт загрузки/разгрузки автотранспорта | ATLU;"Автоматический пункт загрузки/разгрузки автотранспорта | ATLU
Автоматический пункт загрузки/разгрузки автотранспорта ErichHahn ATLU-2 на 2 поста предназначен для одновременной загрузки/разгрузки вязких нефтепродуктов. ErichHahn ATLU-2 обеспечивает производительность до 2000 тонн в сутки (80 автоцистерн).
Каждый пост оборудован отдельными системами загрузки/разгрузки автомобильных цистерн.
Две независимые линии загрузки позволяют обеспечить технологический процесс одновременного налива двух разных видов продукции. Встроенная автоматическая система управления регистрирует данные о технологическом процессе загрузки/разгрузки температуру, время операции, а также производит архивирование операционных данных.
Преимущества ErichHahn ATLU
Каждый пост управления оснащен сенсорной панелью, считывателем бесконтактных карт, стилусом и позволяет вести контроль за технологическим процессом авторизованным пользователям. Данные о загрузке/разгрузке и взвешивании автоцистерн могут автоматически выгружаться в ERP систему предприятия, что позволяет производить учет и выписку отгрузочных документов. 
Почему именно ErichHahn ATLU?
• Заполнение несколькими типами вязких и твердых жидкостей одновременно
• Автоматизация и удалённое управление
• Минимизация человеческого фактора при загрузке битумных материалов
• Высокопроизводительное оборудование
• Управление операторами транспортных средств
";https://www.erichhahn.com.tr/wp-content/uploads/2024/07/ATL-2.png;https://www.erichhahn.com.tr/wp-content/uploads/2024/07/ATL-2.png, https://www.erichhahn.com.tr/wp-content/uploads/2024/07/BannerATL.jpg;"Назначение | Автоматический пункт загрузки/разгрузки автотранспорта | ATLU ErichHahn ATLU-2 с двумя станциями предназначен для одновременной загрузки и выгрузки тяжёлого масла.
Состав и функции | • системы загрузки продукта • системы разгрузки продукта • автомобильные весы • переходные мостики для обслуживания • операторская • навес • светофоры светодиодные • шлагбаумы • предусмотрены системы безопасности: • система отвод паров вязких нефтепродуктов • система автоматического прекращения налива
Операторская | • два поста управления; • система бесперебойного питания с функцией диагностики; • система обмена информацией через GSM-модем, включая рассылку SMS и синхронизацию времени NTP; • система автоматического управления; • система климат-контроля; • система пожарной сигнализации; • система контроля и управления доступом; • переговорные устройства водитель-оператор (работают в составе центральной системы предприятия) • лестница и ограждения.
Система разгрузки продукта | Обеспечивает разгрузку нефтепродукта из автомобильных цистерн и подачу в резервуарный парк на хранение. Система разгрузки оборудована сливными рукавами, насосными станциями с фильтрами для вязких нефтепродуктов, трубопроводами, запорной арматурой и контрольно-измерительными приборами.
Система загрузки продукта | Обеспечивает загрузку нефтепродукта из резервуарного парка в автомобильные цистерны. Оборудована устройством верхнего налива, трубопроводами, запорной арматурой и контрольно-измерительными приборами.
Система контроля и пожарной сигнализации | Операторская и участки загрузки/разгрузки автотранспорта, оборудованы автоматической пожарной системой (АПС), которая срабатывает от дымовых извещателей, извещателей пламени и ручных извещателей. Система АПС обеспечивает: • своевременное обнаружение задымления или возгорания на объекте; • своевременное оповещение персонала и управление эвакуацией; • подключение в общую АПС объекта и работу в ее составе
Количество постов управления | 2
Рабочая среда | Вязкий нефтепродукт
Климатические условия | Умеренный климат
Температура окружающей среды, °C | -40 до +40
Рабочая температура продукта не более, °C | 200
Рабочее давление, МПа | 0,6
Производительность одного поста, м³/ч | 30-130
Отвод паров | Предусмотрен
Теплоизоляция | Предусмотрена
Навес | Предусмотрен (материал обшивки профлист)
Автомобильные весы | Предусмотрены
Грузоподъемность, тонн | 60
Длина, м | 18
Переходной мостик | Предусмотрен
Шлагбаум | Предусмотрен
Система автоматизации | Предусмотрена
Габаритные размеры | 
Длина, L, мм | 20000
Ширина, W, мм | 12000
Высота, H, мм | 7900
Масса установки, не более, кг | 22000
Срок службы, не менее, лет | 10
Страна производства | Турция";%d0%b0%d0%b2%d1%82%d0%be%d0%bc%d0%b0%d1%82%d0%b8%d1%87%d0%b5%d1%81%d0%ba%d0%b8%d0%b9-%d0%bf%d1%83%d0%bd%d0%ba%d1%82-%d0%b7%d0%b0%d0%b3%d1%80%d1%83%d0%b7%d0%ba%d0%b8-%d1%80%d0%b0%d0%b7%d0%b3%d1%80;https://www.erichhahn.com.tr/ru/%d0%b0%d0%b2%d1%82%d0%be%d0%bc%d0%b0%d1%82%d0%b8%d1%87%d0%b5%d1%81%d0%ba%d0%b8%d0%b9-%d0%bf%d1%83%d0%bd%d0%ba%d1%82-%d0%b7%d0%b0%d0%b3%d1%80%d1%83%d0%b7%d0%ba%d0%b8-%d1%80%d0%b0%d0%b7%d0%b3%d1%80/
Установки для загрузки и выгрузки;Мобильная платформа загрузки автотранспорта | MTL;"Мобильная платформа загрузки автотранспорта | MTL
Мобильная платформа загрузки автотранспорта MTL-2 с двумя постами обслуживания предназначена для верхнего налива вязких нефтепродуктов в люки автоцистерн.
Преимущества ErichHahn MTL
MTL может быть использован в различных областях применения
• Нефтепереработка
• Дорожное строительство
• Строительство
• Компактные размеры
• Блоки и сборочные единицы взаимозаменяемы, что упрощает обслуживание и ремонт системы
• Безопасен для здоровья обслуживающего персонала и окружающей среды
• Автоматическое управление и мониторинг
Почему именно ErichHahn MTL?
• Герметичное наполнение
• Предотвращение перелива
• Две станции обслуживания
• Прочные материалы
• Контроль и мониторинг
";https://www.erichhahn.com.tr/wp-content/uploads/2024/09/MTL-2.jpg;https://www.erichhahn.com.tr/wp-content/uploads/2024/09/MTL-2.jpg, https://www.erichhahn.com.tr/wp-content/uploads/2024/10/MTL-Banner.jpg;"Оборудование | • Опорная металлоконструкция с лестницей • Переходной трап с откидным механизмом • Устройство верхнего налива • Трубопроводная эстакада
Рабочая среда | Вязкие нефтепродукты
Производительность одного поста, м³/ч | 55
Номинальная производительность, м³/ч | 110
Тип установки | На улице, без навеса
Температура окружающего воздуха, °C | От -20 до +40
Температура рабочей среды, °C | От 110 до 180
Количество постов налива, шт | 2
Количество насосных агрегатов | 2
Фильтр вязких нефтепродуктов | Предусмотрен
Герметичный налив | Предусмотрен
Срок службы, не менее лет | 10
Страна производства | Турция";%d0%bc%d0%be%d0%b1%d0%b8%d0%bb%d1%8c%d0%bd%d0%b0%d1%8f-%d0%bf%d0%bb%d0%b0%d1%82%d1%84%d0%be%d1%80%d0%bc%d0%b0-%d0%b7%d0%b0%d0%b3%d1%80%d1%83%d0%b7%d0%ba%d0%b8-%d0%b0%d0%b2%d1%82%d0%be%d1%82%d1%80;https://www.erichhahn.com.tr/ru/%d0%bc%d0%be%d0%b1%d0%b8%d0%bb%d1%8c%d0%bd%d0%b0%d1%8f-%d0%bf%d0%bb%d0%b0%d1%82%d1%84%d0%be%d1%80%d0%bc%d0%b0-%d0%b7%d0%b0%d0%b3%d1%80%d1%83%d0%b7%d0%ba%d0%b8-%d0%b0%d0%b2%d1%82%d0%be%d1%82%d1%80/
Установки производства битума;Установка модификации битумов | MB-25;"Установка модификации битумов | MB-25
Установка ErichHahn MB-25 предназначена для производства полимер-модифицированного битума и обеспечивает получение всех марок ПБВ, PMB и PG-битумов как по отечественным (ГОСТ Р 52056, ГОСТ Р 58400.1), так и по зарубежным (EN 14023) стандартам.
Преимущества ErichHahn MB-25
Установка сконструирована с использованием технологии непрерывного (поточного) производства и способна удовлетворить самые высокие требования заказчиков к производству качественного дорожного материала.
Почему именно MB-25?
• Модульная конструкция
• Современное оборудование
• Непрерывный процесс
• Высокая точность дозирования
• Возможность переработки при необходимости
• Использование широкого спектра добавок
•Полная автоматизация процесса для любого состава
";https://www.erichhahn.com.tr/wp-content/uploads/2024/08/MB-25-1.jpg;https://www.erichhahn.com.tr/wp-content/uploads/2024/08/MB-25-1.jpg, https://www.erichhahn.com.tr/wp-content/uploads/2024/08/MB-25-2.jpg;"Установка для модификации битума | • Система подачи битума • Система подачи полимера • Ёмкость смешивания • Система гомогенизации
Кабина управления | • Автоматизированное рабочее место оператора (АРМ основной) • Система контроля управления доступом (СКУД) • Шкаф управления
Дополнительные опции | • Дополнительный блок для подачи полимера • Дополнительный блок для подачи специальных добавок • Емкость для жидких добавок (ПАВ) • АРМ оператора (дополнительный) • Система видеонаблюдения
Дополнительные опции | • до 10 т/час при 12%SBS • до 15 т/час при 8%SBS • до 25 т/час при 4%SBS • до 30 т/час при 3%SBS
Функция | Перед запуском установки оператор выбирает предустановленные рецепты, в случае производственной необходимости вводит в систему управления новую рецептуру компонентов. Система управления позволяет сохранять все необходимые рецепты для дальнейшего применения. В соответствии с выбранной рецептурой компоненты в автоматическом режиме подаются в емкость для перемешивания: битум, пластификатор и жидкие адгезионные добавки (ПАВ) – насосным оборудованием сыпучие добавки (полимер, воск, сера и др.) автоматически дозируются из бункеров и перемещаются шнековыми транспортером После смешивания компонентов продукт поступает в коллоидную мельницу, в которой происходит измельчение (истирание) нерастворенных частиц полимера (гомогенизация). Далее продукт поступает в емкости для дозревания.
Дополнительный блок для подачи полимера | Опционально установка может быть оборудована дополнительным блоком для подачи полимера. Дополнительный бункер объемом 2,7 м3 ускоряет, облегчает и обеспечивает непрерывный процесс производства.
Применение | Вязкий продукт
Климатические условия | Умеренный климат
Температура окружающей среды, °C | -25…+40
Производительность установки, т/ч | 25
Рабочая температура смешивания, до, °C | 165
Рабочее давление на выходе из установки, МПа | 0.6
Установленная электрическая мощность, кВт | 250
Номинальное напряжение, В | 380
Степень защиты | IP 54
Частота, Гц | 50
Обогрев | Непрямое, термомасляное
Толщина теплоизоляции трубопроводов/емкости, мм | 50/100
Страна производства | Турция";%d1%83%d1%81%d1%82%d0%b0%d0%bd%d0%be%d0%b2%d0%ba%d0%b0-%d0%bc%d0%be%d0%b4%d0%b8%d1%84%d0%b8%d0%ba%d0%b0%d1%86%d0%b8%d0%b8-%d0%b1%d0%b8%d1%82%d1%83%d0%bc%d0%be%d0%b2-mb-25;https://www.erichhahn.com.tr/ru/%d1%83%d1%81%d1%82%d0%b0%d0%bd%d0%be%d0%b2%d0%ba%d0%b0-%d0%bc%d0%be%d0%b4%d0%b8%d1%84%d0%b8%d0%ba%d0%b0%d1%86%d0%b8%d0%b8-%d0%b1%d0%b8%d1%82%d1%83%d0%bc%d0%be%d0%b2-mb-25/
Установки производства битума;Установка плавления битума | BMP;"Установка плавления битума | BMP
Установка BMP-6 предназначена для плавления битума, поставляемого
в безвозвратной таре и подачи его в состав битумных хозяйств. Плавление битума
и разогрев до рабочей температуры осуществляется за счет эффективной передачи тепла от горячего теплоносителя в регистры установки к битуму
• Высокая производительность плавления битума
• Вариативность загрузки (верхняя и боковая)
• Сохранность качества вяжущего
• Оборудование с высокой готовностью монтажа
• Максимальное удобство технического обслуживания
Почему именно BMP?
• Модульная конструкция
• Современное оборудование
• Безопасность труда
";https://www.erichhahn.com.tr/wp-content/uploads/2024/09/BMP-1.jpg;https://www.erichhahn.com.tr/wp-content/uploads/2024/09/BMP-1.jpg, https://www.erichhahn.com.tr/wp-content/uploads/2024/09/BMP-Banner-1.jpg;"Состав и описание работы | Загрузка блоков твердого битума в установку BMP-6 на подогреваемые опоры осуществляется двумя способами: — с помощью вилочного погрузчика; — с помощью двух электротельферов
Трубчатый (масляный) регистр состоит из двух контуров: | • общий контур, предназначенный для отопления всего бассейна установки; • индивидуальный контур, предназначенный для отопления одного блока разогрева.
Оборудование | • Рама • Входная лестница • Платформа • Система верхней загрузки биг-бэгов с тельфером • Ограждения • Блок разогрева • Насосная станция • Верхнее окно загрузки • Боковое окно загрузки
Производительность (т/час) | 12
Мощность, не более (мВт) | 1,2
Количество загружаемых биг-бэгов (по 1100 кг) | 6
Рабочая температура (°C) | 110-160
Объем хранимого битума (м³) | 12-Tem
Система обогрева | Предусмотрена
Теплоноситель | Термальное масло
Температура теплоносителя (°C) | 205-160
Расход (м³/ч) | 50
Площадь теплообмена (м²) | 70
Насос (HPS-30) | Шестерёнчатый
Производительность насоса (м³/ч) | 30
Установленная электрическая мощность (кВт) | 15
Напор (м) | 60
Номинальное напряжение (В) | 380
Частота (Гц) | 50
Фильтр | Сетчатый
Тонкость фильтрации (мм) | 8
Габаритные размеры (ДхШхВ, мм) | 14000х5000х5500
Масса, не более (т) | 20
Срок службы (лет) | 10
Страна производства | Турция";%d1%83%d1%81%d1%82%d0%b0%d0%bd%d0%be%d0%b2%d0%ba%d0%b0-%d0%bf%d0%bb%d0%b0%d0%b2%d0%bb%d0%b5%d0%bd%d0%b8%d1%8f-%d0%b1%d0%b8%d1%82%d1%83%d0%bc%d0%b0-bmp;https://www.erichhahn.com.tr/ru/%d1%83%d1%81%d1%82%d0%b0%d0%bd%d0%be%d0%b2%d0%ba%d0%b0-%d0%bf%d0%bb%d0%b0%d0%b2%d0%bb%d0%b5%d0%bd%d0%b8%d1%8f-%d0%b1%d0%b8%d1%82%d1%83%d0%bc%d0%b0-bmp/
Установки производства битума;Установка производства битумов | OBP;"Установка производства битумов | OBP
Установка производства битума ErichHahn OBР предназначена для получения дорожного битума из кубового продукта вакуумной перегонки мазута (гудрона) путем его окисления в аппаратах колонного и трубчатого типов и последующего компаундирования переокисленного битума.
Установка может работать непрерывно и легко переключается для производства различных марок битума и при изменении группового состава гудрона, например, нового состава гудрона.
Преимущества OBP
Производительность установки до 50 т/ч.
Модульная конструкция и высокотехнологичное оборудование, позволяют быстро внедрять установки как в оснащении новых заводов, так и в модернизации действующих производств.
Почему именно OBP?
Технология введения компонентов позволяет применять все известные на данный момент модификаторы и специальные добавки (в том числе резиновую крошку). Конструкция установки предусматривает режим работы по поточному и циклическому методу.
";https://www.erichhahn.com.tr/wp-content/uploads/2024/09/OBP-50.jpg;https://www.erichhahn.com.tr/wp-content/uploads/2024/09/OBP-50.jpg, https://www.erichhahn.com.tr/wp-content/uploads/2024/09/OBP.jpg;"Оборудование | • Колонна окисления • Блок теплообменников • Блок интенсивного окисления (с трубчатым реактором) • Блок охлаждения и сепарации газа • Блок инсинератора и нагрева теплоносителя • Блок подготовки воздуха • Резервуар интенсивного нагрева (для хранения пластификатора) • Блок подачи и рециркуляции (в т.ч. расходомеры для обеспечения управления и точного дозирования жидких компонентов) • Блок подачи добавок (ортофосфорная кислота, ПАВ) • Блок контроля качества • Блок хранения черного соляра • Блок центрального питания •Операторская
Климатические условия | Умеренный климат
Температура окружающей среды (°С) | от -40 до +40 °С
Температура эксплуатации (°С) | от -25 до +40 °С
Производительность установки (т/час) | от 6 до 30
Рабочая температура (°С) | 210
Рабочая температура (°С) | 210
Рабочее давление (МПа) | 0,3
Установленная электрическая мощность (кВт) | 700-800
Номинальное напряжение (В) | 380
Степень защиты оборудования снаружи (не менее) | IP44
Степень защиты оборудования в блоке автоматизации и управления (не менее) | IP20
Частота (Гц) | 50
Обогрев | Термальное масло
Толщина теплоизоляции трубопроводов/емкостей (мм) | 50/100
Габаритные размеры установки (ДШВ), м | 25x20x18 (без учёта блока утилизации газа)
Страна производства | Турция";%d1%83%d1%81%d1%82%d0%b0%d0%bd%d0%be%d0%b2%d0%ba%d0%b0-%d0%bf%d1%80%d0%be%d0%b8%d0%b7%d0%b2%d0%be%d0%b4%d1%81%d1%82%d0%b2%d0%b0-%d0%b1%d0%b8%d1%82%d1%83%d0%bc%d0%be%d0%b2-obp;https://www.erichhahn.com.tr/ru/%d1%83%d1%81%d1%82%d0%b0%d0%bd%d0%be%d0%b2%d0%ba%d0%b0-%d0%bf%d1%80%d0%be%d0%b8%d0%b7%d0%b2%d0%be%d0%b4%d1%81%d1%82%d0%b2%d0%b0-%d0%b1%d0%b8%d1%82%d1%83%d0%bc%d0%be%d0%b2-obp/
Резервуары для хранения и нагрева;Мобильные резервуары | MT;"Мобильные резервуары | MT
Мобильные резервуары ErichHahn MT предназначены для интенсивного нагрева и хранения вязких продуктов с сохранением качества, а также могут использоваться как технологические емкости на заводах нефтяной, газовой, химической, пищевой и других отраслей промышленности. Занимают минимум производственной площади и легко транспортируются с помощью автомобильного транспорта.
Преимущества ErichHahn MT
Резервуары серии МТ-М дополнительно оборудованы перемешивающим устройством, средствами КИП и А, постом управления, системой подогрева, теплоизоляцией и площадками обслуживания.
Опции мобильных терминалов
• электронагревательными элементами для увеличения скорости нагрева продукта
• затворами с электроприводами для дистанционного управления процессами
";https://www.erichhahn.com.tr/wp-content/uploads/2024/08/MTanks-7.jpg;https://www.erichhahn.com.tr/wp-content/uploads/2024/08/MTanks-7.jpg, https://www.erichhahn.com.tr/wp-content/uploads/2024/08/MTanks-2.jpg;"Модельный ряд | • MT-50 • MT-50М • MT-100 • MT-100М
Пост управления | В комплект поставки резервуара входит местный пост управления. Пост позволяет выполнять контроль и управление контрольно-измерительными приборами и автоматикой по месту либо дистанционно, посредством интеграции поста в автоматическую систему управления предприятия.
MT5 | Инструментация | 
MT5M | Инструментация | 
MT1 | Инструментация | 
MT1M | Инструментация | 
MT5 | Рабочая среда | Вязкий продукт
MT5M | Рабочая среда | Вязкий продукт
MT1 | Рабочая среда | Вязкий продукт
MT1M | Рабочая среда | Вязкий продукт
MT5 | Максимальная температура рабочей среды, °С | 200
MT5M | Максимальная температура рабочей среды, °С | 200
MT1 | Максимальная температура рабочей среды, °С | 200
MT1M | Максимальная температура рабочей среды, °С | 200
MT5 | Полезный объём, м³ | 50
MT5M | Полезный объём, м³ | 50
MT1 | Полезный объём, м³ | 100
MT1M | Полезный объём, м³ | 100
MT5 | Внутренний диаметр, мм | 2150
MT5M | Внутренний диаметр, мм | 2150
MT1 | Внутренний диаметр, мм | 3000
MT1M | Внутренний диаметр, мм | 3000
MT5 | Высота, мм | 13700
MT5M | Высота, мм | 13700
MT1 | Высота, мм | 16410
MT1M | Высота, мм | 16410
MT5 | Масса, кг | 8500
MT5M | Масса, кг | 8500
MT1 | Масса, кг | 13000
MT1M | Масса, кг | 13000
MT5 | Тип устройства загрузки резервуара | Верхнее
MT5M | Тип устройства загрузки резервуара | Верхнее
MT1 | Тип устройства загрузки резервуара | Верхнее
MT1M | Тип устройства загрузки резервуара | Верхнее
MT5 | Тип устройства разгрузки резервуара | Нижнее
MT5M | Тип устройства разгрузки резервуара | Нижнее
MT1 | Тип устройства разгрузки резервуара | Нижнее
MT1M | Тип устройства разгрузки резервуара | Нижнее
MT5 | Устройство защиты от переполнения | Предусмотрен
MT5M | Устройство защиты от переполнения | Предусмотрен
MT1 | Устройство защиты от переполнения | Предусмотрен
MT1M | Устройство защиты от переполнения | Предусмотрен
MT5 | Перемешивающее устройство | 
MT5M | Перемешивающее устройство |  Предусмотрено
MT1 | Перемешивающее устройство | 
MT1M | Перемешивающее устройство | 
MT5 | Вертикальное |  - 
MT5M | Вертикальное |  Предусмотрено
MT1 | Вертикальное | -
MT1M | Вертикальное | Предусмотрено
MT5 | Параметры стальной конструкции | 
MT5M | Параметры стальной конструкции | 
MT1 | Параметры стальной конструкции | 
MT1M | Параметры стальной конструкции | 
MT5 | Количество поясов стенки | 9
MT5M | Количество поясов стенки | 9
MT1 | Количество поясов стенки | 9
MT1M | Количество поясов стенки | 9
MT5 | Толщина пояса 1-2, мм | 8
MT5M | Толщина пояса 1-2, мм | 8
MT1 | Толщина пояса 1-2, мм | 8
MT1M | Толщина пояса 1-2, мм | 8
MT5 | Толщина пояса 3-4, мм | 6
MT5M | Толщина пояса 3-4, мм | 6
MT1 | Толщина пояса 3-4, мм | 6
MT1M | Толщина пояса 3-4, мм | 6
MT5 | Толщина пояса 5-11, мм | 5
MT5M | Толщина пояса 5-11, мм | 5
MT1 | Толщина пояса 5-11, мм | 5
MT1M | Толщина пояса 5-11, мм | 5
MT5 | Толщина настила крыши, мм | 5
MT5M | Толщина настила крыши, мм | 5
MT1 | Толщина настила крыши, мм | 5
MT1M | Толщина настила крыши, мм | 5
MT5 | Толщина днища, мм | 10
MT5M | Толщина днища, мм | 10
MT1 | Толщина днища, мм | 10
MT1M | Толщина днища, мм | 10
MT5 | Теплоизоляция | 
MT5M | Теплоизоляция | 
MT1 | Теплоизоляция | 
MT1M | Теплоизоляция | 
MT5 | Толщина теплоизоляции стен, мм | 150
MT5M | Толщина теплоизоляции стен, мм | 150
MT1 | Толщина теплоизоляции стен, мм | 150
MT1M | Толщина теплоизоляции стен, мм | 150
MT5 | Толщина теплоизоляции крыши, мм | 200
MT5M | Толщина теплоизоляции крыши, мм | 200
MT1 | Толщина теплоизоляции крыши, мм | 200
MT1M | Толщина теплоизоляции крыши, мм | 200
MT5 | Материал обшивки | Стальной лист с полимерным покрытием
MT5M | Материал обшивки | Стальной лист с полимерным покрытием
MT1 | Материал обшивки | Стальной лист с полимерным покрытием
MT1M | Материал обшивки | Стальной лист с полимерным покрытием
MT5 | Система нагрева | 
MT5M | Система нагрева | 
MT1 | Система нагрева | 
MT1M | Система нагрева | 
MT5 | Основной подогрев | 
MT5M | Основной подогрев | 
MT1 | Основной подогрев | 
MT1M | Основной подогрев | 
MT5 | Масляный регистр | Предусмотрен
MT5M | Масляный регистр | Предусмотрен
MT1 | Масляный регистр | Предусмотрен
MT1M | Масляный регистр | Предусмотрен
MT5 | Теплоноситель | Термальное масло
MT5M | Теплоноситель | Термальное масло
MT1 | Теплоноситель | Термальное масло
MT1M | Теплоноситель | Термальное масло
MT5 | Условный проход масляных трубопроводов, мм | 50
MT5M | Условный проход масляных трубопроводов, мм | 50
MT1 | Условный проход масляных трубопроводов, мм | 50
MT1M | Условный проход масляных трубопроводов, мм | 50
MT5 | Максимальная температура масла при давлении 0,6 МПа, °C | 200
MT5M | Максимальная температура масла при давлении 0,6 МПа, °C | 200
MT1 | Максимальная температура масла при давлении 0,6 МПа, °C | 200
MT1M | Максимальная температура масла при давлении 0,6 МПа, °C | 200
MT5 | Дополнительный нагрев | 
MT5M | Дополнительный нагрев | 
MT1 | Дополнительный нагрев | 
MT1M | Дополнительный нагрев | 
MT5 | Нагревательные элементы | -
MT5M | Нагревательные элементы | Предусмотрены
MT1 | Нагревательные элементы | -
MT1M | Нагревательные элементы | Предусмотрены
MT5 | Уровнемер | Предусмотрен
MT5M | Уровнемер | Предусмотрен
MT1 | Уровнемер | Предусмотрен
MT1M | Уровнемер | Предусмотрен
MT5 | Сигнализатор максимального уровня | Предусмотрен
MT5M | Сигнализатор максимального уровня | Предусмотрен
MT1 | Сигнализатор максимального уровня | Предусмотрен
MT1M | Сигнализатор максимального уровня | Предусмотрен
MT5 | Пробоотборник | Предусмотрен
MT5M | Пробоотборник | Предусмотрен
MT1 | Пробоотборник | Предусмотрен
MT1M | Пробоотборник | Предусмотрен
MT5 | Преобразователь температуры (для вязкого продукта) | Предусмотрен
MT5M | Преобразователь температуры (для вязкого продукта) | Предусмотрен
MT1 | Преобразователь температуры (для вязкого продукта) | Предусмотрен
MT1M | Преобразователь температуры (для вязкого продукта) | Предусмотрен
MT5 | Затвор с электроприводом, DN, мм | 100 (опционально)
MT5M | Затвор с электроприводом, DN, мм | 100 (опционально)
MT1 | Затвор с электроприводом, DN, мм | 150 (опционально)
MT1M | Затвор с электроприводом, DN, мм | 150 (опционально)
MT5 | Термометр биметаллический | Предусмотрен
MT5M | Термометр биметаллический | Предусмотрен
MT1 | Термометр биметаллический | Предусмотрен
MT1M | Термометр биметаллический | Предусмотрен
MT5 | Патрубок вентиляционный | Предусмотрен
MT5M | Патрубок вентиляционный | Предусмотрен
MT1 | Патрубок вентиляционный | Предусмотрен
MT1M | Патрубок вентиляционный | Предусмотрен
MT5 | Пост управления | Предусмотрен
MT5M | Пост управления | Предусмотрен
MT1 | Пост управления | Предусмотрен
MT1M | Пост управления | Предусмотрен
MT5 | Страна производства | Турция
MT5M | Страна производства | Турция
MT1 | Страна производства | Турция
MT1M | Страна производства | Турция";%d0%bc%d0%be%d0%b1%d0%b8%d0%bb%d1%8c%d0%bd%d1%8b%d0%b5-%d1%80%d0%b5%d0%b7%d0%b5%d1%80%d0%b2%d1%83%d0%b0%d1%80%d1%8b-mt;https://www.erichhahn.com.tr/ru/%d0%bc%d0%be%d0%b1%d0%b8%d0%bb%d1%8c%d0%bd%d1%8b%d0%b5-%d1%80%d0%b5%d0%b7%d0%b5%d1%80%d0%b2%d1%83%d0%b0%d1%80%d1%8b-mt/
Резервуары для хранения и нагрева;Резервуары интенсивного нагрева | HT;"Резервуары интенсивного нагрева | HT
Резервуары интенсивного нагрева ErichHahn HT это наземные вертикальные стальные емкости цилиндрической формы, объемом от 700 до 950 м3 отличаются высотой и диаметром. Резервуары оборудованы всей необходимой технологической обвязкой. Модельный ряд HT-400, HT-700, HT-950
Состав резервуаров интенсивного нагрева
Вертикальная стальная конструкция
Теплоизоляция
Площадки обслуживания и ограждения
Люки (световые, замерные, люк-лаз)
Система загрузки продукта
Система разгрузки продукта
Боковое перемешивающее устройство
Система нагрева
Масляный распределитель
Устройство отвода паров
Предотвращение аварийного перелива
Пост управления
Преимущества ErichHahn HT
Предназначены для долгосрочного хранения вязких продуктов с сохранением качества, а также могут использоваться как технологические емкости на заводах, нефтяной, газовой, химической, пищевой и других отраслей промышленности.
Почему именно резервуары интенсивного нагрева?
Резервуары могут быть объединены в резервуарный парк
";https://www.erichhahn.com.tr/wp-content/uploads/2024/08/HT-2.jpg;https://www.erichhahn.com.tr/wp-content/uploads/2024/08/HT-2.jpg, https://www.erichhahn.com.tr/wp-content/uploads/2024/08/MT-Banner.jpg;"Вертикальная стальная конструкция | Состоит из стенки, крыши и днища. Изготовление и монтаж резервуаров осуществляется как рулонным, так и полистовым способом сборки.
Теплоизоляция | Для уменьшения теплопотерь и поддержания температурного режима предусмотрен теплоизолирующий слой, закрытый защитной оболочкой из оцинкованной стали.
Система загрузки продукта | Обеспечивает верхний налив продукта. Загрузочный патрубок выведен выше максимального уровня. Предусмотрены крепления к внутренней части резервуара. Желоб предотвращает разбрызгивание продукта при загрузке. Для регулирования подачи, предусмотрен затвор с электроприводом, который управляется дистанционно, сигналом с пульта управления.
Устройство разгрузки | Предназначено для разгрузки резервуаров и освобождения от придонного остатка продуктов. Состоит из системы трубопроводов и запорной арматуры. Разгрузка резервуаров осуществляется с помощью затвора с электроприводом, который управляется дистанционно, сигналом с пульта управления. Предусмотрена запорная арматура для ручного управления.
Боковое перемешивающее устройство | Боковое перемешивающее устройство предназначено для гомогенизации вязких продуктов, находящихся на хранении в резервуарах. Устройство представляет собой вал с трехлопастной мешалкой, которая приводится в действие мотор-редуктором. Перемешивающее устройство монтируется на боковой поверхности резервуара, под углом 90° к вертикали. Герметичность выхода вала обеспечивается торцевым уплотнение
Система нагрева | Разогрев продукта до необходимой температуры осуществляется секциями масляных регистров, которые располагаются в нижней части резервуара. Каждая секция регистра состоит из опорной рамы и трубчатой конструкции. Количество секций регистров зависит от диаметра резервуара.
Масляный распределитель | Предназначен для равномерного распределения потока теплоносителя в регистры резервуаров. Конструкция состоит из двух трубных распределителей для подачи и возврата теплоносителя, силовых кронштейнов для крепления к резервуару, запорной арматуры, датчиков температуры и давления. Предусмотрена возможность приостановки обогрева отдельных секций регистров в ручном и автоматическом режимах. В автоматическом режиме приостановка обогрева резервуара происходит удаленно, при помощи регулируемого затвора с электроприводом, который установлен на выходе обратного коллектора.
Устройство отвода паров | Состоит из вентиляционного патрубка и конденсатоотводчика.
Предотвращение аварийного перелива | В случае отказа автоматики при достижении в резервуаре максимального аварийного уровня продукт переливается через специальный патрубок в аварийную емкость.
Пост управления | В комплект поставки резервуара входит местный пост управления. Пост позволяет выполнять контроль и управление контрольно-измерительными приборами и автоматикой по месту либо дистанционно, посредством интеграции поста в автоматическую систему управления предприятия.
HT4 | Климатические условия | Умеренный климат
HT7 | Климатические условия | Умеренный климат
HT95 | Климатические условия | Умеренный климат
HT4 | Температура окружающей среды, °С | -40 до +40
HT7 | Температура окружающей среды, °С | -40 до +40
HT95 | Температура окружающей среды, °С | -40 до +40
HT4 | Рабочая среда | Вязкие продукты
HT7 | Рабочая среда | Вязкие продукты
HT95 | Рабочая среда | Вязкие продукты
HT4 | Максимальная температура рабочей среды, °С | 160
HT7 | Максимальная температура рабочей среды, °С | 160
HT95 | Максимальная температура рабочей среды, °С | 160
HT4 | Номинальный объем, м³ | 400
HT7 | Номинальный объем, м³ | 700
HT95 | Номинальный объем, м³ | 950
HT4 | Внутренний диаметр, мм | 8500
HT7 | Внутренний диаметр, мм | 10430
HT95 | Внутренний диаметр, мм | 10.430
HT4 | Высота, мм | 9000
HT7 | Высота, мм | 9000
HT95 | Высота, мм | 12.000
HT4 | Масса, кг | 20000
HT7 | Масса, кг | 27530
HT95 | Масса, кг | 31.830
HT4 | Лестница с ограждениями | Многомаршевая кольцевая
HT7 | Лестница с ограждениями | Многомаршевая кольцевая
HT95 | Лестница с ограждениями | Многомаршевая кольцевая
HT4 | Смотровые люки | Предусмотрены
HT7 | Смотровые люки | Предусмотрены
HT95 | Смотровые люки | Предусмотрены
HT4 | Устройство отвода паров | Предусмотрено
HT7 | Устройство отвода паров | Предусмотрено
HT95 | Устройство отвода паров | Предусмотрено
HT4 | Аварийный перелив | Предусмотрен
HT7 | Аварийный перелив | Предусмотрен
HT95 | Аварийный перелив | Предусмотрен
HT4 | Параметры стальной конструкции | 
HT7 | Параметры стальной конструкции | 
HT95 | Параметры стальной конструкции | 
HT4 | Количество поясов стенки | 6
HT7 | Количество поясов стенки | 6
HT95 | Количество поясов стенки | 8
HT4 | Толщина пояса 1-2, мм | 4
HT7 | Толщина пояса 1-2, мм | 5
HT95 | Толщина пояса 1-2, мм | 5
HT4 | Толщина пояса 3-4, мм | 4
HT7 | Толщина пояса 3-4, мм | 5
HT95 | Толщина пояса 3-4, мм | 5
HT4 | Толщина пояса 5-11, мм | 4
HT7 | Толщина пояса 5-11, мм | 5
HT95 | Толщина пояса 5-11, мм | 5
HT4 | Толщина настила крыши, мм | 4
HT7 | Толщина настила крыши, мм | 4
HT95 | Толщина настила крыши, мм | 4
HT4 | Толщина днища, мм | 4
HT7 | Толщина днища, мм | 5
HT95 | Толщина днища, мм | 5
HT4 | Конструкция стенки | Рулонная
HT7 | Конструкция стенки | Рулонная
HT95 | Конструкция стенки | Рулонная
HT4 | Конструкция днища | Рулонная
HT7 | Конструкция днища | Рулонная
HT95 | Конструкция днища | Рулонная
HT4 | Конструкция крыши | Каркасная коническая
HT7 | Конструкция крыши | Каркасная коническая
HT95 | Конструкция крыши | Каркасная коническая
HT4 | Теплоизоляция | 
HT7 | Теплоизоляция | 
HT95 | Теплоизоляция | 
HT4 | Толщина теплоизоляции стен, мм | 200
HT7 | Толщина теплоизоляции стен, мм | 200
HT95 | Толщина теплоизоляции стен, мм | 200
HT4 | Толщина теплоизоляции крыши, мм | 200
HT7 | Толщина теплоизоляции крыши, мм | 200
HT95 | Толщина теплоизоляции крыши, мм | 200
HT4 | Материал обшивки | Стальной лист с полимерным покрытием
HT7 | Материал обшивки | Стальной лист с полимерным покрытием
HT95 | Материал обшивки | Стальной лист с полимерным покрытием
HT4 | Система загрузки | 
HT7 | Система загрузки | 
HT95 | Система загрузки | 
HT4 | Тип устройства загрузки резервуара | Верхнее
HT7 | Тип устройства загрузки резервуара | Верхнее
HT95 | Тип устройства загрузки резервуара | Верхнее
HT4 | Затвор с электроприводом | Предусмотрен
HT7 | Затвор с электроприводом | Предусмотрен
HT95 | Затвор с электроприводом | Предусмотрен
HT4 | Присоединительный фланец, DN, мм | 150
HT7 | Присоединительный фланец, DN, мм | 150
HT95 | Присоединительный фланец, DN, мм | 150
HT4 | Система разгрузки | 
HT7 | Система разгрузки | 
HT95 | Система разгрузки | 
HT4 | Тип устройства разгрузки резервуара | Нижнее
HT7 | Тип устройства разгрузки резервуара | Нижнее
HT95 | Тип устройства разгрузки резервуара | Нижнее
HT4 | Задвижка с электрическим приводом | Предусмотрен
HT7 | Задвижка с электрическим приводом | Предусмотрена
HT95 | Задвижка с электрическим приводом | Предусмотрена
HT4 | Присоединительный фланец, DN, мм | 150
HT7 | Присоединительный фланец, DN, мм | 150
HT95 | Присоединительный фланец, DN, мм | 150
HT4 | Перемешивающее устройство | 
HT7 | Перемешивающее устройство | 
HT95 | Перемешивающее устройство | 
HT4 | Тип устройства | -
HT7 | Тип устройства | Боковое
HT95 | Тип устройства | Боковое
HT4 | Количество, шт. | -
HT7 | Количество, шт. | 2
HT95 | Количество, шт. | 2
HT4 | Мощность электропривода | -
HT7 | Мощность электропривода | 15
HT95 | Мощность электропривода | 15
HT4 | Частота вращения вала | -
HT7 | Частота вращения вала | 339
HT95 | Частота вращения вала | 339
HT4 | Система нагрева | 
HT7 | Система нагрева | 
HT95 | Система нагрева | 
HT4 | Количество секций масляных регистров | 4
HT7 | Количество секций масляных регистров | 6
HT95 | Количество секций масляных регистров | 6
HT4 | Теплоноситель | Термальное масло
HT7 | Теплоноситель | Термальное масло
HT95 | Теплоноситель | Термальное масло
HT4 | Максимальная температура масла при давлении 0,6 МПа, °C | 200
HT7 | Максимальная температура масла при давлении 0,6 МПа, °C | 200
HT95 | Максимальная температура масла при давлении 0,6 МПа, °C | 200
HT4 | Масляный коллектор | 
HT7 | Масляный коллектор | 
HT95 | Масляный коллектор | 
HT4 | Датчик давления | Предусмотрен
HT7 | Датчик давления | Предусмотрен
HT95 | Датчик давления | Предусмотрен
HT4 | Датчик температуры | Предусмотрен
HT7 | Датчик температуры | Предусмотрен
HT95 | Датчик температуры | Предусмотрен
HT4 | Затвор с электроприводом | Предусмотрен
HT7 | Затвор с электроприводом | Предусмотрен
HT95 | Затвор с электроприводом | Предусмотрен
HT4 | Присоединительный фланец, DN, мм | 100
HT7 | Присоединительный фланец, DN, мм | 100
HT95 | Присоединительный фланец, DN, мм | 100
HT4 | КИПиА | 
HT7 | КИПиА | 
HT95 | КИПиА | 
HT4 | Радарный уровнемер | Предусмотрен
HT7 | Радарный уровнемер | Предусмотрен
HT95 | Радарный уровнемер | Предусмотрен
HT4 | Сигнализатор максимального уровня | Предусмотрен
HT7 | Сигнализатор максимального уровня | Предусмотрен
HT95 | Сигнализатор максимального уровня | Предусмотрен
HT4 | Пробоотборник | Предусмотрен
HT7 | Пробоотборник | Предусмотрен
HT95 | Пробоотборник | Предусмотрен
HT4 | Преобразователь температуры | Предусмотрен
HT7 | Преобразователь температуры | Предусмотрен
HT95 | Преобразователь температуры | Предусмотрен
HT4 | Затвор с электроприводом, DN, мм | Предусмотрен
HT7 | Затвор с электроприводом, DN, мм | Предусмотрен
HT95 | Затвор с электроприводом, DN, мм | Предусмотрен
HT4 | Термометр биметаллический | Предусмотрен
HT7 | Термометр биметаллический | Предусмотрен
HT95 | Термометр биметаллический | Предусмотрен
HT4 | Пост управления | Предусмотрен
HT7 | Пост управления | Предусмотрен
HT95 | Пост управления | Предусмотрен
HT4 | Страна производства | Турция
HT7 | Страна производства | Турция
HT95 | Страна производства | Турция";%d1%80%d0%b5%d0%b7%d0%b5%d1%80%d0%b2%d1%83%d0%b0%d1%80%d1%8b-%d0%b8%d0%bd%d1%82%d0%b5%d0%bd%d1%81%d0%b8%d0%b2%d0%bd%d0%be%d0%b3%d0%be-%d0%bd%d0%b0%d0%b3%d1%80%d0%b5%d0%b2%d0%b0-ht;https://www.erichhahn.com.tr/ru/%d1%80%d0%b5%d0%b7%d0%b5%d1%80%d0%b2%d1%83%d0%b0%d1%80%d1%8b-%d0%b8%d0%bd%d1%82%d0%b5%d0%bd%d1%81%d0%b8%d0%b2%d0%bd%d0%be%d0%b3%d0%be-%d0%bd%d0%b0%d0%b3%d1%80%d0%b5%d0%b2%d0%b0-ht/
Резервуары для хранения и нагрева;Резервуары долгосрочного хранения | ST;"Резервуары долгосрочного хранения | ST
Резервуары долгосрочного хранения ErichHahn ST это наземные вертикальные стальные емкости цилиндрической формы, объемом от 4900 до 10000 м3 отличаются высотой и диаметром. Резервуары оборудованы всей необходимой технологической обвязкой. Модельный ряд ST-4900, ST-9000, ST-10000
Состав резервуаров долгосрочного хранения
Вертикальная стальная конструкция
Теплоизоляция
Площадки обслуживания и ограждения
Люки (световые, замерные, люк-лаз)
Система загрузки продукта
Система разгрузки продукта
Боковое перемешивающее устройство
Система нагрева
Масляный распределитель
Устройство отвода паров
Предотвращение аварийного перелива
Пост управления
Преимущества ErichHahn ST
Предназначены для долгосрочного хранения вязких продуктов с сохранением качества, а также могут использоваться как технологические емкости на заводах, нефтяной, газовой, химической, пищевой и других отраслей промышленности.
Почему именно Резервуары долгосрочного хранения?
Резервуары могут быть объединены в резервуарный парк
";https://www.erichhahn.com.tr/wp-content/uploads/2024/08/HT-2.jpg;https://www.erichhahn.com.tr/wp-content/uploads/2024/08/HT-2.jpg, https://www.erichhahn.com.tr/wp-content/uploads/2024/08/MT-Banner.jpg;"Вертикальная стальная конструкция | Состоит из стенки, крыши и днища. Изготовление и монтаж резервуаров осуществляется как рулонным, так и полистовым способом сборки.
Теплоизоляция | Для уменьшения теплопотерь и поддержания температурного режима предусмотрен теплоизолирующий слой, закрытый защитной оболочкой из оцинкованной стали.
Система загрузки продукта | Обеспечивает верхний налив продукта. Загрузочный патрубок выведен выше максимального уровня. Предусмотрены крепления к внутренней части резервуара. Желоб предотвращает разбрызгивание продукта при загрузке. Для регулирования подачи, предусмотрен затвор с электроприводом, который управляется дистанционно, сигналом с пульта управления.
Устройство разгрузки | Предназначено для разгрузки резервуаров и освобождения от придонного остатка продуктов. Состоит из системы трубопроводов и запорной арматуры. Разгрузка резервуаров осуществляется с помощью затвора с электроприводом, который управляется дистанционно, сигналом с пульта управления. Предусмотрена запорная арматура для ручного управления.
Боковое перемешивающее устройство | Боковое перемешивающее устройство предназначено для гомогенизации вязких продуктов, находящихся на хранении в резервуарах. Устройство представляет собой вал с трехлопастной мешалкой, которая приводится в действие мотор-редуктором. Перемешивающее устройство монтируется на боковой поверхности резервуара, под углом 90° к вертикали. Герметичность выхода вала обеспечивается торцевым уплотнением.
Система нагрева | Разогрев продукта до необходимой температуры осуществляется секциями масляных регистров, которые располагаются в нижней части резервуара. Каждая секция регистра состоит из опорной рамы и трубчатой конструкции. Количество секций регистров зависит от диаметра резервуара.
Масляный распределитель | Предназначен для равномерного распределения потока теплоносителя в регистры резервуаров. Конструкция состоит из двух трубных распределителей для подачи и возврата теплоносителя, силовых кронштейнов для крепления к резервуару, запорной арматуры, датчиков температуры и давления. Предусмотрена возможность приостановки обогрева отдельных секций регистров в ручном и автоматическом режимах. В автоматическом режиме приостановка обогрева резервуара происходит удаленно, при помощи регулируемого затвора с электроприводом, который установлен на выходе обратного коллектора
Устройство отвода паров | Состоит из вентиляционного патрубка и конденсатоотводчика.
Предотвращение аварийного перелива | В случае отказа автоматики при достижении в резервуаре максимального аварийного уровня продукт переливается через специальный патрубок в аварийную емкость.
Пост управления | В комплект поставки резервуара входит местный пост управления. Пост позволяет выполнять контроль и управление контрольно-измерительными приборами и автоматикой по месту либо дистанционно, посредством интеграции поста в автоматическую систему управления предприятия.
ST49 | Климатические условия | Умеренный климат
ST9 | Климатические условия | Умеренный климат
ST49 | Температура окружающей среды, °С | -40 до +40
ST9 | Температура окружающей среды, °С | -40 до +40
ST49 | Рабочая среда | Вязкие продукты
ST9 | Рабочая среда | Вязкие продукты
ST49 | Максимальная температура рабочей среды, °С | 160
ST9 | Максимальная температура рабочей среды, °С | 160
ST49 | Номинальный объем, м³ | 4900
ST9 | Номинальный объем, м³ | 9000
ST49 | Полезный объем, м³ | 4848
ST9 | Полезный объем, м³ | 8200
ST49 | Внутренний диаметр, мм | 19000
ST9 | Внутренний диаметр, мм | 26000
ST49 | Высота, мм | 18000
ST9 | Высота, мм | 18000
ST49 | Масса, кг | 144030
ST9 | Масса, кг | 197950
ST49 | Лестница с ограждениями | Многомаршевая кольцевая
ST9 | Лестница с ограждениями | Многомаршевая кольцевая
ST49 | Смотровые люки | Предусмотрены
ST9 | Смотровые люки | Предусмотрены
ST49 | Устройство отвода паров | Предусмотрено
ST9 | Устройство отвода паров | Предусмотрено
ST49 | Аварийный перелив | Предусмотрен
ST9 | Аварийный перелив | Предусмотрен
ST49 | Параметры стальной конструкции | 
ST9 | Параметры стальной конструкции | 
ST49 | Количество поясов стенки | 12
ST9 | Количество поясов стенки | 9
ST49 | Толщина поясов, мм | от 12 до 6
ST9 | Толщина поясов, мм | от 14 до 6
ST49 | Толщина настила крыши, мм | 4
ST9 | Толщина настила крыши, мм | 4
ST49 | Толщина днища, мм | 4
ST9 | Толщина днища, мм | 6
ST49 | Конструкция стен | Рулонная
ST9 | Конструкция стен | Рулонная
ST49 | Конструкция днища | Рулонная
ST9 | Конструкция днища | Рулонная
ST49 | Конструкция крыши | Каркасная коническая
ST9 | Конструкция крыши | Каркасная коническая
ST49 | Теплоизоляция | 
ST9 | Теплоизоляция | 
ST49 | Толщина теплоизоляции стен, мм | 200
ST9 | Толщина теплоизоляции стен, мм | 200
ST49 | Толщина теплоизоляции крыши, мм | 200
ST9 | Толщина теплоизоляции крыши, мм | 200
ST49 | Материал обшивки | Стальной лист с полимерным покрытием
ST9 | Материал обшивки | Стальной лист с полимерным покрытием
ST49 | Система загрузки | 
ST9 | Система загрузки | 
ST49 | Тип устройства загрузки резервуара | Верхнее
ST9 | Тип устройства загрузки резервуара | Верхнее
ST49 | Затвор с электроприводом | Предусмотрен
ST9 | Затвор с электроприводом | Предусмотрен
ST49 | Присоединительный фланец, DN, мм | 150
ST9 | Присоединительный фланец, DN, мм | 150
ST49 | Система разгрузки | 
ST9 | Система разгрузки | 
ST49 | Тип устройства разгрузки резервуара | Нижнее
ST9 | Тип устройства разгрузки резервуара | Нижнее
ST49 | Задвижка с электроприводом | Предусмотрена
ST9 | Задвижка с электроприводом | Предусмотрен
ST49 | Присоединительный фланец, DN, мм | 150
ST9 | Присоединительный фланец, DN, мм | 150
ST49 | Перемешивающее устройство | 
ST9 | Перемешивающее устройство | 
ST49 | Тип устройства | -
ST9 | Тип устройства | Боковое
ST49 | Количество, шт. | -
ST9 | Количество, шт. | 2
ST49 | Мощность электропривода, кВт | -
ST9 | Мощность электропривода, кВт | 15
ST49 | Частота вращения вала | -
ST9 | Частота вращения вала | 339
ST49 | Система нагрева | 
ST9 | Система нагрева | 
ST49 | Количество секций масляных регистров | 4
ST9 | Количество секций масляных регистров | 6
ST49 | Теплоноситель | Термальное масло
ST9 | Теплоноситель | Термальное масло
ST49 | Максимальная температура масла при давлении 0.6 МПа, °C | 200
ST9 | Максимальная температура масла при давлении 0.6 МПа, °C | 200
ST49 | Масляный коллектор | 
ST9 | Масляный коллектор | 
ST49 | Датчик давления | Предусмотрен
ST9 | Датчик давления | Предусмотрен
ST49 | Датчик температуры | Предусмотрен
ST9 | Датчик температуры | Предусмотрен
ST49 | Затвор с электроприводом | Предусмотрен
ST9 | Затвор с электроприводом | Предусмотрен
ST49 | Присоединительный фланец, DN, мм | 100
ST9 | Присоединительный фланец, DN, мм | 100
ST49 | КИПиА | 
ST9 | КИПиА | 
ST49 | Радарный уровнемер | Предусмотрен
ST9 | Радарный уровнемер | Предусмотрен
ST49 | Сигнализатор максимального уровня | Предусмотрен
ST9 | Сигнализатор максимального уровня | Предусмотрен
ST49 | Пробоотборник | Предусмотрен
ST9 | Пробоотборник | Предусмотрен
ST49 | Преобразователь температуры | Предусмотрен
ST9 | Преобразователь температуры | Предусмотрен
ST49 | Термометр биметаллический | Предусмотрен
ST9 | Термометр биметаллический | Предусмотрен
ST49 | Пост управления | Предусмотрен
ST9 | Пост управления | Предусмотрен
ST49 | Страна производства | Турция
ST9 | Страна производства | Турция";%d1%80%d0%b5%d0%b7%d0%b5%d1%80%d0%b2%d1%83%d0%b0%d1%80%d1%8b-%d0%b4%d0%be%d0%bb%d0%b3%d0%be%d1%81%d1%80%d0%be%d1%87%d0%bd%d0%be%d0%b3%d0%be-%d1%85%d1%80%d0%b0%d0%bd%d0%b5%d0%bd%d0%b8%d1%8f-st;https://www.erichhahn.com.tr/ru/%d1%80%d0%b5%d0%b7%d0%b5%d1%80%d0%b2%d1%83%d0%b0%d1%80%d1%8b-%d0%b4%d0%be%d0%bb%d0%b3%d0%be%d1%81%d1%80%d0%be%d1%87%d0%bd%d0%be%d0%b3%d0%be-%d1%85%d1%80%d0%b0%d0%bd%d0%b5%d0%bd%d0%b8%d1%8f-st/
Перекачивающее оборудование;Насосная станция для вязких нефтепродуктов | HPS;"Насосная станция для вязких нефтепродуктов | HPS
Насосная станция предназначена для перекачивания вязких нефтепродуктов плотностью до 1300 кг/м3 и температурой до 200 ºС. Вязкость перекачиваемых продуктов от 20 до 1000 сСт.
Преимущества ErichHahn HPS
Насосные станции ErichHahn HPS выпускаются различных моделей, которые имеют схожую конструкцию и состав, но отличаются производительностью, габаритными размерами и комплектующими.
Мотор-редуктор HPS
Мотор-редуктор предназначен для передачи и преобразования вращательного движения шестеренчатому насосу через эластичную муфту. Пуск и изменение производительности насосного агрегата, выполняется частотным преобразователем, установленным в шкафу силового электрооборудования.
";https://www.erichhahn.com.tr/wp-content/uploads/2024/08/HPS-2.png;https://www.erichhahn.com.tr/wp-content/uploads/2024/08/HPS-2.png, https://www.erichhahn.com.tr/wp-content/uploads/2024/08/HPSBanner.jpg;"Назначение | Насосная станция предназначена для перекачивания вязких нефтепродуктов плотностью до 1300 кг/м3 и температурой до 200 ºС. Вязкость перекачиваемых продуктов от 20 до 1000 сСт.
Шестеренчатый Насос | Шестеренчатый насос с внутренним зацеплением предназначен для перекачивания вязких нефтепродуктов. Насос обеспечивает равномерную подачу перекачиваемого нефтепродукта без пульсаций, благодаря чему уменьшается уровень вибрации насосной станции и снижается вспенивание продукта. Для устранения избыточного давления в насос встроен перепускной клапан.
Пост управления | На фронтальной панели поста управления расположены органы управления и индикации состояния насосной станции. Пост управления подключается к шкафу центрального управления для организации связи с частотным преобразователем. Пост является неотъемлемой частью насосной станции подачи вязких нефтепродуктов. При помощи органов управления, расположенных на фронтальной панели поста управления, осуществляется управление пуском насоса и его производительностью. На посту расположены индикаторы основных технологических параметров насоса, наличие питания и состояние готовности насосной станции.
Автоматизация | Управление двигателем осуществляется при помощи преобразователя частоты. Преобразователь частоты устанавливается в центральный шкаф управления (не входят в комплект поставки, но являются неотъемлемой частью установки). Подключение поста управления к центральному шкафу выполняется многожильной кабельной продукцией. Пост управления предусматривает местный и дистанционный режим управления, а также режим выключенного управления. Переключение режимов выполняется трехпозиционным переключателем поста управления с ключом. В местном режиме управление осуществляется непосредственно с поста управления (пуск и регулировка производительности насоса осуществляется с помощью органов управления, расположенных на двери поста управления). Дистанционный режим управления позволяет управлять насосной станцией удаленно, при помощи контроллерного оборудования и АРМ оператора, в зависимости от реализации центральной АСУТП предприятия. В режиме выключенного управления все команды управления игнорируются. Все посты управления снабжены сервисными выключателями питания привода насоса для отключения питания по месту и проведения безопасного технического обслуживания насоса.
Система налива | Система налива обеспечивает погрузку нефтепродуктов из хранилища в автоцистерны. Она оснащена наливным рукавом, трубопроводами, запорной арматурой и приборами контроля.
Обогрев и Теплоизоляция | Обогрев насоса и фильтра осуществляется с помощью теплоносителя. Для удобства эксплуатации и доступа к оборудованию, при проведении плановых мероприятий, теплоизоляционные конструкции являются съемными.
HPS55 | Рабочая среда | Вязкий нефтепродукт
HPS9 | Рабочая среда | Вязкий нефтепродукт
HPS12 | Рабочая среда | Вязкий нефтепродукт
HPS2 | Рабочая среда | Вязкий нефтепродукт
HPS55 | Климатические условия | Умеренный климат
HPS9 | Климатические условия | Умеренный климат
HPS12 | Климатические условия | Умеренный климат
HPS2 | Климатические условия | Умеренный климат
HPS55 | Температура окружающей среды, °C | -40 до +40
HPS9 | Температура окружающей среды, °C | -40 до +40
HPS12 | Температура окружающей среды, °C | -40 до +40
HPS2 | Температура окружающей среды, °C | -40 до +40
HPS55 | Рабочая температура продукта не более, ºС | 200
HPS9 | Рабочая температура продукта не более, ºС | 200
HPS12 | Рабочая температура продукта не более, ºС | 200
HPS2 | Рабочая температура продукта не более, ºС | 200
HPS55 | Рабочее давление, МПа | 0.6
HPS9 | Рабочее давление, МПа | 0.6
HPS12 | Рабочее давление, МПа | 0.6
HPS2 | Рабочее давление, МПа | 0.6
HPS55 | Мотор-редуктор | 
HPS9 | Мотор-редуктор | 
HPS12 | Мотор-редуктор | 
HPS2 | Мотор-редуктор | 
HPS55 | Мощность двигателя, кВт | 18.5
HPS9 | Мощность двигателя, кВт | 30
HPS12 | Мощность двигателя, кВт | 30
HPS2 | Мощность двигателя, кВт | 55
HPS55 | Скорость на выходе, об/мин | 402
HPS9 | Скорость на выходе, об/мин | 405
HPS12 | Скорость на выходе, об/мин | 405
HPS2 | Скорость на выходе, об/мин | 239
HPS55 | Частота тока, Гц | 50
HPS9 | Частота тока, Гц | 50
HPS12 | Частота тока, Гц | 50
HPS2 | Частота тока, Гц | 50
HPS55 | Электрическое напряжение, В | 380
HPS9 | Электрическое напряжение, В | 380
HPS12 | Электрическое напряжение, В | 380
HPS2 | Электрическое напряжение, В | 380
HPS55 | Степень защиты мотор-редуктора | IP55
HPS9 | Степень защиты мотор-редуктора | IP55
HPS12 | Степень защиты мотор-редуктора | IP55
HPS2 | Степень защиты мотор-редуктора | IP55
HPS55 | Муфта | Упруго-компенсирующая со звездочкой
HPS9 | Муфта | Упруго-компенсирующая со звездочкой
HPS12 | Муфта | Упруго-компенсирующая со звездочкой
HPS2 | Муфта | Упруго-компенсирующая со звездочкой
HPS55 | Насос | Шестерёнчатый
HPS9 | Насос | Шестерёнчатый
HPS12 | Насос | Шестерёнчатый
HPS2 | Насос | Шестерёнчатый
HPS55 | Условный диаметр входного патрубка, DN, мм | 100
HPS9 | Условный диаметр входного патрубка, DN, мм | 150
HPS12 | Условный диаметр входного патрубка, DN, мм | 150
HPS2 | Условный диаметр входного патрубка, DN, мм | 200
HPS55 | Номинальная производительность, м3/ч | 55
HPS9 | Номинальная производительность, м3/ч | 90
HPS12 | Номинальная производительность, м3/ч | 120
HPS2 | Номинальная производительность, м3/ч | 200
HPS55 | Предохранительный клапан | Предусмотрен
HPS9 | Предохранительный клапан | Предусмотрен
HPS12 | Предохранительный клапан | Предусмотрен
HPS2 | Предохранительный клапан | Предусмотрен
HPS55 | Фильтр | Сетчатый
HPS9 | Фильтр | Сетчатый
HPS12 | Фильтр | Сетчатый
HPS2 | Фильтр | Сетчатый
HPS55 | Условный диаметр входного патрубка, DN, мм | 100
HPS9 | Условный диаметр входного патрубка, DN, мм | 150
HPS12 | Условный диаметр входного патрубка, DN, мм | 150
HPS2 | Условный диаметр входного патрубка, DN, мм | 150
HPS55 | Диаметр ячейки сетки фильтрующего элемента, мм | 8
HPS9 | Диаметр ячейки сетки фильтрующего элемента, мм | 8
HPS12 | Диаметр ячейки сетки фильтрующего элемента, мм | 8
HPS2 | Диаметр ячейки сетки фильтрующего элемента, мм | 8
HPS55 | Потеря давления на незагрязненном фильтре при максимальной пропускной способности и вязкости нефтепродукта 300 сСт, не более, МПа | 0.01
HPS9 | Потеря давления на незагрязненном фильтре при максимальной пропускной способности и вязкости нефтепродукта 300 сСт, не более, МПа | 0.01
HPS12 | Потеря давления на незагрязненном фильтре при максимальной пропускной способности и вязкости нефтепродукта 300 сСт, не более, МПа | 0.01
HPS2 | Потеря давления на незагрязненном фильтре при максимальной пропускной способности и вязкости нефтепродукта 300 сСт, не более, МПа | 0.01
HPS55 | Допустимый перепад давления на загрязненном фильтре, МПа | 0.3
HPS9 | Допустимый перепад давления на загрязненном фильтре, МПа | 0.3
HPS12 | Допустимый перепад давления на загрязненном фильтре, МПа | 0.3
HPS2 | Допустимый перепад давления на загрязненном фильтре, МПа | 0.3
HPS55 | Система нагрева | 
HPS9 | Система нагрева | 
HPS12 | Система нагрева | 
HPS2 | Система нагрева | 
HPS55 | Теплоноситель | Термальное масло
HPS9 | Теплоноситель | Термальное масло
HPS12 | Теплоноситель | Термальное масло
HPS2 | Теплоноситель | Термальное масло
HPS55 | Условный проход масляных трубопроводов DN | 25
HPS9 | Условный проход масляных трубопроводов DN | 40
HPS12 | Условный проход масляных трубопроводов DN | 40
HPS2 | Условный проход масляных трубопроводов DN | 40
HPS55 | Максимальная температура масла, °C | 200
HPS9 | Максимальная температура масла, °C | 200
HPS12 | Максимальная температура масла, °C | 200
HPS2 | Максимальная температура масла, °C | 200
HPS55 | Габаритные размеры | 
HPS9 | Габаритные размеры | 
HPS12 | Габаритные размеры | 
HPS2 | Габаритные размеры | 
HPS55 | Длина (L), мм | 2200
HPS9 | Длина (L), мм | 2500
HPS12 | Длина (L), мм | 2700
HPS2 | Длина (L), мм | 3000
HPS55 | Ширина (W), мм | 1350
HPS9 | Ширина (W), мм | 1550
HPS12 | Ширина (W), мм | 1600
HPS2 | Ширина (W), мм | 1850
HPS55 | Высота (H), мм | 2000
HPS9 | Высота (H), мм | 2000
HPS12 | Высота (H), мм | 2000
HPS2 | Высота (H), мм | 2000
HPS55 | Масса установки, не более, кг | 900
HPS9 | Масса установки, не более, кг | 1200
HPS12 | Масса установки, не более, кг | 1350
HPS2 | Масса установки, не более, кг | 1500
HPS55 | Срок службы, лет | 10
HPS9 | Срок службы, лет | 10
HPS12 | Срок службы, лет | 10
HPS2 | Срок службы, лет | 10
HPS55 | Страна производства | Турция
HPS9 | Страна производства | Турция
HPS12 | Страна производства | Турция
HPS2 | Страна производства | Турция";%d0%bd%d0%b0%d1%81%d0%be%d1%81%d0%bd%d0%b0%d1%8f-%d1%81%d1%82%d0%b0%d0%bd%d1%86%d0%b8%d1%8f-%d0%b4%d0%bb%d1%8f-%d0%b2%d1%8f%d0%b7%d0%ba%d0%b8%d1%85-%d0%bd%d0%b5%d1%84%d1%82%d0%b5%d0%bf%d1%80%d0%be;https://www.erichhahn.com.tr/ru/%d0%bd%d0%b0%d1%81%d0%be%d1%81%d0%bd%d0%b0%d1%8f-%d1%81%d1%82%d0%b0%d0%bd%d1%86%d0%b8%d1%8f-%d0%b4%d0%bb%d1%8f-%d0%b2%d1%8f%d0%b7%d0%ba%d0%b8%d1%85-%d0%bd%d0%b5%d1%84%d1%82%d0%b5%d0%bf%d1%80%d0%be/
Перекачивающее оборудование;Установка перекачивания и распределения вязких нефтепродуктов | HPDU;"Установка перекачивания и распределения вязких нефтепродуктов | HPDU
Установка ErichHahn HPDU предназначена для продолжительного перекачивания вязких нефтепродуктов при рабочей температуре до 200 ºС и вязкости перекачиваемых продуктов от 20 до 1000 сСт
Преимущества ErichHahn HPDU
Установки ErichHahn HPDU выпускаются различных моделей, которые имеют схожую конструкцию и состав, но отличаются производительностью, габаритными размерами и комплектующими.
Мотор-редуктор HPDU
Мотор-редуктор фирмы предназначен для передачи и преобразования вращательного движения шестеренчатому насосу через эластичную муфту.
Пуск и изменение производительности насосного агрегата, выполняется частотным преобразователем, установленным в шкафу силового электрооборудования (поставляется опционально).
";https://www.erichhahn.com.tr/wp-content/uploads/2024/08/HPDU.png;https://www.erichhahn.com.tr/wp-content/uploads/2024/08/HPDU.png, https://www.erichhahn.com.tr/wp-content/uploads/2024/08/HPDU.jpg;"Назначение | Установка состоит из дистрибьютера на 3 или 4 выхода, шестеренчатого насоса, мотор-редуктора, фильтра вязких нефтепродуктов, системы масляного обогрева и теплоизоляции, поста управления. Все оборудование компактно размещено на опорной раме.
Дистрибьютер на 3 или 4 выхода | Представляет собой распределитель потоков нефтепродукта на 3 или 4 выхода (в зависимости от модели установки). Управление потоком осуществляется дисковыми затворами с электроприводами, дистанционно через систему АСУ ТП.
Шестеренчатый Насос | Шестеренчатый насос с внутренним зацеплением предназначен для перекачивания вязких нефтепродуктов. Насос обеспечивает равномерную подачу перекачиваемого нефтепродукта без пульсаций, благодаря чему уменьшается уровень вибрации насосной станции и снижается вспенивание продукта. Для устранения избыточного давления в насос встроен перепускной клапан.
Пост управления | На фронтальной панели поста управления расположены органы управления и индикации работы установки. Пост управления подключается к шкафу центрального управления для организации связи с частотным преобразователем. Пост является неотъемлемой частью автоматизированной системы управления технологическим процессом подачи вязких нефтепродуктов на предприятии. Управлять затворами с электроприводами, пуском насоса и настройками его частоты вращения с помощью потенциометра, можно с фронтальной панели поста управления. На посту присутствует индикация основных технологических параметров насоса, индикация состояния затворов с электроприводом, наличие питания системы от сети и состояния готовности.
Автоматизация | Система автоматизации для установок HPDU выполнена на базе удаленных станций ввода/вывода и располагается в шкафу управления с обогревом и вентилятором (шкаф при необходимости может быть оборудован процессорным модулем ПЛК). Управление двигателем осуществляется с помощью преобразователя частоты. Предусмотрено дистанционное управление, через SCADA систему или с других контроллеров, по протоколу Profinet I/O (при необходимости Modbus TCP/RTU), а также непосредственно со шкафа управления в местном режиме (управление затворами с электроприводами, пуском насоса и настройки его частоты с помощью органов управления расположенных на двери шкафа управления). На шкафу управления также присутствует индикация основных технологических параметров процесса (ток и частота насоса
Фильтр вязких нефтепродуктов | Предназначен для очистки перекачиваемого продукта от механических примесей. Рабочая температура до 200 ºС. Фильтр состоит из корпуса, съемной крышки и фильтрующего элемента.
Обогрев и Теплоизоляция | Обогрев насоса и фильтра осуществляется с помощью теплоносителя (термальное масло). Для исключения теплопотерь, вся установка покрывается теплоизолирующим негорючим материалом, и защитным кожухом из оцинкованной стали
HPDU93 | Рабочая среда | Вязкий нефтепродукт
HPDU94 | Рабочая среда | Вязкий нефтепродукт
HPDU123 | Рабочая среда | Вязкий нефтепродукт
HPDU124 | Рабочая среда | Вязкий нефтепродукт
HPDU23 | Рабочая среда | Вязкий нефтепродукт
HPDU24 | Рабочая среда | Вязкий нефтепродукт
HPDU93 | Климатические условия | Умеренный климат
HPDU94 | Климатические условия | Умеренный климат
HPDU123 | Климатические условия | Умеренный климат
HPDU124 | Климатические условия | Умеренный климат
HPDU23 | Климатические условия | Умеренный климат
HPDU24 | Климатические условия | Умеренный климат
HPDU93 | Температура окружающей среды, °C | -40 до +40
HPDU94 | Температура окружающей среды, °C | -40 до +40
HPDU123 | Температура окружающей среды, °C | -40 до +40
HPDU124 | Температура окружающей среды, °C | -40 до +40
HPDU23 | Температура окружающей среды, °C | -40 до +40
HPDU24 | Температура окружающей среды, °C | -40 до +40
HPDU93 | Максимальная рабочая температура, °C | 200
HPDU94 | Максимальная рабочая температура, °C | 200
HPDU123 | Максимальная рабочая температура, °C | 200
HPDU124 | Максимальная рабочая температура, °C | 200
HPDU23 | Максимальная рабочая температура, °C | 200
HPDU24 | Максимальная рабочая температура, °C | 200
HPDU93 | Рабочее давление, МПа | 0.6
HPDU94 | Рабочее давление, МПа | 0.6
HPDU123 | Рабочее давление, МПа | 0.6
HPDU124 | Рабочее давление, МПа | 0.6
HPDU23 | Рабочее давление, МПа | 0.6
HPDU24 | Рабочее давление, МПа | 0.6
HPDU93 | Количество выходов дистрибьютера | 3
HPDU94 | Количество выходов дистрибьютера | 4
HPDU123 | Количество выходов дистрибьютера | 3
HPDU124 | Количество выходов дистрибьютера | 4
HPDU23 | Количество выходов дистрибьютера | 3
HPDU24 | Количество выходов дистрибьютера | 4
HPDU93 | Мотор-редуктор | 
HPDU94 | Мотор-редуктор | 
HPDU123 | Мотор-редуктор | 
HPDU124 | Мотор-редуктор | 
HPDU23 | Мотор-редуктор | 
HPDU24 | Мотор-редуктор | 
HPDU93 | Мощность двигателя, кВт | 30
HPDU94 | Мощность двигателя, кВт | 30
HPDU123 | Мощность двигателя, кВт | 30
HPDU124 | Мощность двигателя, кВт | 30
HPDU23 | Мощность двигателя, кВт | 55
HPDU24 | Мощность двигателя, кВт | 55
HPDU93 | Скорость на выходе, об/мин | 405
HPDU94 | Скорость на выходе, об/мин | 405
HPDU123 | Скорость на выходе, об/мин | 405
HPDU124 | Скорость на выходе, об/мин | 405
HPDU23 | Скорость на выходе, об/мин | 239
HPDU24 | Скорость на выходе, об/мин | 239
HPDU93 | Частота тока, Гц | 50
HPDU94 | Частота тока, Гц | 50
HPDU123 | Частота тока, Гц | 50
HPDU124 | Частота тока, Гц | 50
HPDU23 | Частота тока, Гц | 50
HPDU24 | Частота тока, Гц | 50
HPDU93 | Электрическое напряжение, В | 380
HPDU94 | Электрическое напряжение, В | 380
HPDU123 | Электрическое напряжение, В | 380
HPDU124 | Электрическое напряжение, В | 380
HPDU23 | Электрическое напряжение, В | 380
HPDU24 | Электрическое напряжение, В | 380
HPDU93 | Степень защиты мотор-редуктора | IP55
HPDU94 | Степень защиты мотор-редуктора | IP55
HPDU123 | Степень защиты мотор-редуктора | IP55
HPDU124 | Степень защиты мотор-редуктора | IP55
HPDU23 | Степень защиты мотор-редуктора | IP55
HPDU24 | Степень защиты мотор-редуктора | IP55
HPDU93 | Муфта | Упруго-компенсирующая со звездочкой
HPDU94 | Муфта | Упруго-компенсирующая со звездочкой
HPDU123 | Муфта | Упруго-компенсирующая со звездочкой
HPDU124 | Муфта | Упруго-компенсирующая со звездочкой
HPDU23 | Муфта | Упруго-компенсирующая со звездочкой
HPDU24 | Муфта | Упруго-компенсирующая со звездочкой
HPDU93 | Насос | Шестерёнчатый
HPDU94 | Насос | Шестерёнчатый
HPDU123 | Насос | Шестерёнчатый
HPDU124 | Насос | Шестерёнчатый
HPDU23 | Насос | Шестерёнчатый
HPDU24 | Насос | Шестерёнчатый
HPDU93 | Условный диаметр входного патрубка фильтра, DN, мм | 150
HPDU94 | Условный диаметр входного патрубка фильтра, DN, мм | 150
HPDU123 | Условный диаметр входного патрубка фильтра, DN, мм | 150
HPDU124 | Условный диаметр входного патрубка фильтра, DN, мм | 150
HPDU23 | Условный диаметр входного патрубка фильтра, DN, мм | 200
HPDU24 | Условный диаметр входного патрубка фильтра, DN, мм | 200
HPDU93 | Номинальная производительность, м3/ч | 90
HPDU94 | Номинальная производительность, м3/ч | 90
HPDU123 | Номинальная производительность, м3/ч | 120
HPDU124 | Номинальная производительность, м3/ч | 120
HPDU23 | Номинальная производительность, м3/ч | 200
HPDU24 | Номинальная производительность, м3/ч | 200
HPDU93 | Предохранительный клапан | Предусмотрен
HPDU94 | Предохранительный клапан | Предусмотрен
HPDU123 | Предохранительный клапан | Предусмотрен
HPDU124 | Предохранительный клапан | Предусмотрен
HPDU23 | Предохранительный клапан | Предусмотрен
HPDU24 | Предохранительный клапан | Предусмотрен
HPDU93 | Фильтр | Сетчатый
HPDU94 | Фильтр | Сетчатый
HPDU123 | Фильтр | Сетчатый
HPDU124 | Фильтр | Сетчатый
HPDU23 | Фильтр | Сетчатый
HPDU24 | Фильтр | Сетчатый
HPDU93 | Условный диаметр входного патрубка, DN, мм | 150
HPDU94 | Условный диаметр входного патрубка, DN, мм | 150
HPDU123 | Условный диаметр входного патрубка, DN, мм | 150
HPDU124 | Условный диаметр входного патрубка, DN, мм | 150
HPDU23 | Условный диаметр входного патрубка, DN, мм | 200
HPDU24 | Условный диаметр входного патрубка, DN, мм | 200
HPDU93 | Диаметр ячейки сетки фильтрующего элемента, мм | 8
HPDU94 | Диаметр ячейки сетки фильтрующего элемента, мм | 8
HPDU123 | Диаметр ячейки сетки фильтрующего элемента, мм | 8
HPDU124 | Диаметр ячейки сетки фильтрующего элемента, мм | 8
HPDU23 | Диаметр ячейки сетки фильтрующего элемента, мм | 8
HPDU24 | Диаметр ячейки сетки фильтрующего элемента, мм | 8
HPDU93 | Максимальная потеря давления на незагрязненном фильтре при максимальной пропускной способности и вязкости нефтепродукта 300 сСт, МПа | 0.01
HPDU94 | Максимальная потеря давления на незагрязненном фильтре при максимальной пропускной способности и вязкости нефтепродукта 300 сСт, МПа | 0.01
HPDU123 | Максимальная потеря давления на незагрязненном фильтре при максимальной пропускной способности и вязкости нефтепродукта 300 сСт, МПа | 0.01
HPDU124 | Максимальная потеря давления на незагрязненном фильтре при максимальной пропускной способности и вязкости нефтепродукта 300 сСт, МПа | 0.01
HPDU23 | Максимальная потеря давления на незагрязненном фильтре при максимальной пропускной способности и вязкости нефтепродукта 300 сСт, МПа | 0.01
HPDU24 | Максимальная потеря давления на незагрязненном фильтре при максимальной пропускной способности и вязкости нефтепродукта 300 сСт, МПа | 0.01
HPDU93 | Допустимый перепад давления на загрязненном фильтре, МПа | 0.3
HPDU94 | Допустимый перепад давления на загрязненном фильтре, МПа | 0.3
HPDU123 | Допустимый перепад давления на загрязненном фильтре, МПа | 0.3
HPDU124 | Допустимый перепад давления на загрязненном фильтре, МПа | 0.3
HPDU23 | Допустимый перепад давления на загрязненном фильтре, МПа | 0.3
HPDU24 | Допустимый перепад давления на загрязненном фильтре, МПа | 0.3
HPDU93 | Система автоматизации | Удалённая станция ввода/вывода
HPDU94 | Система автоматизации | Удалённая станция ввода/вывода
HPDU123 | Система автоматизации | Удалённая станция ввода/вывода
HPDU124 | Система автоматизации | Удалённая станция ввода/вывода
HPDU23 | Система автоматизации | Удалённая станция ввода/вывода
HPDU24 | Система автоматизации | Удалённая станция ввода/вывода
HPDU93 | Габаритные размеры | 
HPDU94 | Габаритные размеры | 
HPDU123 | Габаритные размеры | 
HPDU124 | Габаритные размеры | 
HPDU23 | Габаритные размеры | 
HPDU24 | Габаритные размеры | 
HPDU93 | Длина, L, мм | 3500
HPDU94 | Длина, L, мм | 4100
HPDU123 | Длина, L, мм | 3900
HPDU124 | Длина, L, мм | 4300
HPDU23 | Длина, L, мм | 4900
HPDU24 | Длина, L, мм | 4900
HPDU93 | Ширина, W, мм | 1800
HPDU94 | Ширина, W, мм | 1800
HPDU123 | Ширина, W, мм | 1800
HPDU124 | Ширина, W, мм | 1800
HPDU23 | Ширина, W, мм | 1800
HPDU24 | Ширина, W, мм | 1800
HPDU93 | Высота, H, мм | 2000
HPDU94 | Высота, H, мм | 2000
HPDU123 | Высота, H, мм | 2000
HPDU124 | Высота, H, мм | 2000
HPDU23 | Высота, H, мм | 2600
HPDU24 | Высота, H, мм | 2600
HPDU93 | Масса установки, кг | 1500
HPDU94 | Масса установки, кг | 1600
HPDU123 | Масса установки, кг | 1650
HPDU124 | Масса установки, кг | 1750
HPDU23 | Масса установки, кг | 1750
HPDU24 | Масса установки, кг | 1750
HPDU93 | Срок службы, лет | 10
HPDU94 | Срок службы, лет | 10
HPDU123 | Срок службы, лет | 10
HPDU124 | Срок службы, лет | 10
HPDU23 | Срок службы, лет | 10
HPDU24 | Срок службы, лет | 10
HPDU93 | Страна производства | Турция
HPDU94 | Страна производства | Турция
HPDU123 | Страна производства | Турция
HPDU124 | Страна производства | Турция
HPDU23 | Страна производства | Турция
HPDU24 | Страна производства | Турция";%d1%83%d1%81%d1%82%d0%b0%d0%bd%d0%be%d0%b2%d0%ba%d0%b0-%d0%bf%d0%b5%d1%80%d0%b5%d0%ba%d0%b0%d1%87%d0%b8%d0%b2%d0%b0%d0%bd%d0%b8%d1%8f-%d0%b8-%d1%80%d0%b0%d1%81%d0%bf%d1%80%d0%b5%d0%b4%d0%b5%d0%bb;https://www.erichhahn.com.tr/ru/%d1%83%d1%81%d1%82%d0%b0%d0%bd%d0%be%d0%b2%d0%ba%d0%b0-%d0%bf%d0%b5%d1%80%d0%b5%d0%ba%d0%b0%d1%87%d0%b8%d0%b2%d0%b0%d0%bd%d0%b8%d1%8f-%d0%b8-%d1%80%d0%b0%d1%81%d0%bf%d1%80%d0%b5%d0%b4%d0%b5%d0%bb/
Перекачивающее оборудование;Масляная насосная станция | OPS;"Масляная насосная станция | OPS
Масляные насосные станции с производительностью до 150 м3/ч предназначены для повышения давления подачи теплоносителя в трубопроводах и поддержания различных температурных режимов на конкретных участках системы масляного обогрева.
Преимущества ErichHahn OPS
Насосная станция разработана на основании европейского стандарта EN 809 + А1:2009 + АС:2010 «Насосы и агрегаты насосные для жидкостей. Общие требования безопасности», который идентичен Российскому ГОСТ EN 809— 2017.
Высокие стандарты OPS
Насосная станция разработана на основании европейского стандарта EN 809 + А1:2009 + АС:2010 «Насосы и агрегаты насосные для жидкостей. Общие требования безопасности», который идентичен Российскому ГОСТ EN 809— 2017.
";https://www.erichhahn.com.tr/wp-content/uploads/2024/08/OPS.png;https://www.erichhahn.com.tr/wp-content/uploads/2024/08/OPS.png, https://www.erichhahn.com.tr/wp-content/uploads/2024/08/OPS.jpg;"Назначение | Установка состоит из насосного агрегата, сетчатого фильтра, запорной и регулирующей арматуры, контрольно-измерительных приборов, поста управления. Все оборудование компактно размещено на опорной раме с защитными ограждениями. Предусмотрена съемная теплоизоляция.
Насосный агрегат | Представлен центробежным насосом и смонтирован на опорной плите установки. В качестве привода применяется трёхфазный асинхронный двигатель. Производительность насоса регулируется с помощью преобразователя частоты. Для очистки перекачиваемого продукта от механических примесей предусмотрен фильтр.
Контрольно-измерительные приборы | Установка оборудована манометрами, преобразователями давления и температуры, которые участвуют в управлении технологическим процессом.
Клапан регулирующий | Предназначен для автоматического регулирования температуры теплоносителя в соответствии с технологическим процессом.
Пост управления | Контроль и управление насосной станцией осуществляется с местного поста управления, на фронтальной панели которого расположены индикаторы, кнопки и переключатели. Предусмотрен дистанционный контроль, реализуемый на базе цифровых интерфейсов
OPS65 | Рабочая среда | Высокотемпературные масла
OPSA65 | Рабочая среда | Высокотемпературные масла
OPS15 | Рабочая среда | Высокотемпературные масла
OPSA15 | Рабочая среда | Высокотемпературные масла
OPS65 | Климатические условия | Умеренный климат
OPSA65 | Климатические условия | Умеренный климат
OPS15 | Климатические условия | Умеренный климат
OPSA15 | Климатические условия | Умеренный климат
OPS65 | Температура окружающей среды, ºС | от -40 до +40
OPSA65 | Температура окружающей среды, ºС | от -40 до +40
OPS15 | Температура окружающей среды, ºС | от -40 до +40
OPSA15 | Температура окружающей среды, ºС | от -40 до +40
OPS65 | Вязкость перекачиваемого продукта, не более, сСт | 10
OPSA65 | Вязкость перекачиваемого продукта, не более, сСт | не более 10
OPS15 | Вязкость перекачиваемого продукта, не более, сСт | не более 10
OPSA15 | Вязкость перекачиваемого продукта, не более, сСт | не более 10
OPS65 | Рабочая температура продукта, не более, ºС | 200
OPSA65 | Рабочая температура продукта, не более, ºС | не более 200
OPS15 | Рабочая температура продукта, не более, ºС | не более 200
OPSA15 | Рабочая температура продукта, не более, ºС | не более 200
OPS65 | Максимальная производительность, м³/ч | 65
OPSA65 | Максимальная производительность, м³/ч | 65
OPS15 | Максимальная производительность, м³/ч | 150
OPSA15 | Максимальная производительность, м³/ч | 150
OPS65 | Установленная электрическая мощность, кВт | 15
OPSA65 | Установленная электрическая мощность, кВт | 15
OPS15 | Установленная электрическая мощность, кВт | 22
OPSA15 | Установленная электрическая мощность, кВт | 22
OPS65 | Рабочее давление, МПа | 0.6
OPSA65 | Рабочее давление, МПа | 0,6
OPS15 | Рабочее давление, МПа | 0.6
OPSA15 | Рабочее давление, МПа | 0,6
OPS65 | Условный диаметр входного/выходного патрубка, DN, мм | 100
OPSA65 | Условный диаметр входного/выходного патрубка, DN, мм | 100
OPS15 | Условный диаметр входного/выходного патрубка, DN, мм | 150
OPSA15 | Условный диаметр входного/выходного патрубка, DN, мм | 150
OPS65 | Насос | Центробежный
OPSA65 | Насос | Центробежный
OPS15 | Насос | Центробежный
OPSA15 | Насос | Центробежный
OPS65 | Мощность двигателя, кВт | 15
OPSA65 | Мощность двигателя, кВт | 15
OPS15 | Мощность двигателя, кВт | 22
OPSA15 | Мощность двигателя, кВт | 22
OPS65 | Номинальная производительность насоса, м³ | 50
OPSA65 | Номинальная производительность насоса, м³ | 50
OPS15 | Номинальная производительность насоса, м³ | 120
OPSA15 | Номинальная производительность насоса, м³ | 120
OPS65 | Частота тока, Гц | 50
OPSA65 | Частота тока, Гц | 50
OPS15 | Частота тока, Гц | 50
OPSA15 | Частота тока, Гц | 50
OPS65 | Электрическое напряжение, В | 380
OPSA65 | Электрическое напряжение, В | 380
OPS15 | Электрическое напряжение, В | 380
OPSA15 | Электрическое напряжение, В | 380
OPS65 | Фильтр | Сетчатый
OPSA65 | Фильтр | Сетчатый
OPS15 | Фильтр | Сетчатый
OPSA15 | Фильтр | Сетчатый
OPS65 | Диаметр ячейки сетки фильтрующего элемента, мм | 1
OPSA65 | Диаметр ячейки сетки фильтрующего элемента, мм | 1
OPS15 | Диаметр ячейки сетки фильтрующего элемента, мм | 1
OPSA15 | Диаметр ячейки сетки фильтрующего элемента, мм | 1
OPS65 | Теплоизоляция | 
OPSA65 | Теплоизоляция | 
OPS15 | Теплоизоляция | 
OPSA15 | Теплоизоляция | 
OPS65 | Утеплитель, мм | 100
OPSA65 | Утеплитель, мм | 100
OPS15 | Утеплитель, мм | 100
OPSA15 | Утеплитель, мм | Утеплитель, мм 100
OPS65 | Толщина кожуха, мм | 0.5
OPSA65 | Толщина кожуха, мм | 0,5
OPS15 | Толщина кожуха, мм | 0.5
OPSA15 | Толщина кожуха, мм | 0,5
OPS65 | Клапан регулирующий | -
OPSA65 | Клапан регулирующий | Предусмотрен
OPS15 | Клапан регулирующий | Не предусмотрен
OPSA15 | Клапан регулирующий | Предусмотрен
OPS65 | Пост управления | Предусмотрен
OPSA65 | Пост управления | Предусмотрен
OPS15 | Пост управления | Предусмотрен
OPSA15 | Пост управления | Предусмотрен
OPS65 | Степень защиты оболочками от воздействия окружающей среды | IP 65
OPSA65 | Степень защиты оболочками от воздействия окружающей среды | IP 65
OPS15 | Степень защиты оболочками от воздействия окружающей среды | IP 65
OPSA15 | Степень защиты оболочками от воздействия окружающей среды | IP 65
OPS65 | Габаритные размеры | 
OPSA65 | Габаритные размеры | 
OPS15 | Габаритные размеры | 
OPSA15 | Габаритные размеры | 
OPS65 | Длина, L, мм | 2750
OPSA65 | Длина, L, мм | 3000
OPS15 | Длина, L, мм | 3250
OPSA15 | Длина, L, мм | 3500
OPS65 | Ширина, W, мм | 1150
OPSA65 | Ширина, W, мм | 1150
OPS15 | Ширина, W, мм | 1150
OPSA15 | Ширина, W, мм | 1150
OPS65 | Высота, H, мм | 2400
OPSA65 | Высота, H, мм | 2600
OPS15 | Высота, H, мм | 2400
OPSA15 | Высота, H, мм | 2600
OPS65 | Масса установки, не более, кг | 850
OPSA65 | Масса установки, не более, кг | 1500
OPS15 | Масса установки, не более, кг | 1100
OPSA15 | Масса установки, не более, кг | 2000
OPS65 | Срок службы, не менее, лет | 10
OPSA65 | Срок службы, не менее, лет | 10
OPS15 | Срок службы, не менее, лет | 10
OPSA15 | Срок службы, не менее, лет | 10
OPS65 | Страна производства | Турция
OPSA65 | Страна производства | Турция
OPS15 | Страна производства | Турция
OPSA15 | Страна производства | Турция";%d0%bc%d0%b0%d1%81%d0%bb%d1%8f%d0%bd%d0%b0%d1%8f-%d0%bd%d0%b0%d1%81%d0%be%d1%81%d0%bd%d0%b0%d1%8f-%d1%81%d1%82%d0%b0%d0%bd%d1%86%d0%b8%d1%8f-ops;https://www.erichhahn.com.tr/ru/%d0%bc%d0%b0%d1%81%d0%bb%d1%8f%d0%bd%d0%b0%d1%8f-%d0%bd%d0%b0%d1%81%d0%be%d1%81%d0%bd%d0%b0%d1%8f-%d1%81%d1%82%d0%b0%d0%bd%d1%86%d0%b8%d1%8f-ops/
Перекачивающее оборудование;Масляный распределитель | OSM-PS;"Масляный распределитель | OSM-PS
Масляный распределитель предназначен для подачи и равномерного распределения потока теплоносителя к потребителям.
Преимущества OSM-PS
Масляный распределитель применяется на заводах нефтеперерабатывающей, нефтехимической, нефтяной, газовой и других отраслей промышленности.
Почему именно OSM-PS
Все оборудование компактно размещено на опорной раме с защитными ограждениями. Оборудование и трубопроводы покрыты слоем теплоизоляции с защитным кожухом. Предусмотрена возможность приостановки обогрева отдельных линий потребителя в ручном и автоматическом режимах.
";https://www.erichhahn.com.tr/wp-content/uploads/2024/08/OSM-PS-2.png;https://www.erichhahn.com.tr/wp-content/uploads/2024/08/OSM-PS-2.png, https://www.erichhahn.com.tr/wp-content/uploads/2024/08/OSM-PS.jpg;"Назначение | Масляный распределитель | OSM-PS Масляный распределитель предназначен для подачи и равномерного распределения потока теплоносителя к потребителям.
Конструкция оборудования | — две трубные распределители для подачи и возврата теплоносителя — насосная станция — запорно-регулирующая арматура — соединительные трубопроводы — пост управления
Климатические условия | Умеренный климат
Температура окружающей среды, ºС | от -40 до +40
Рабочая среда | Масла
Максимальная температура масла при давлении 0,6 МПа, °С | 200
Насосная станция | 
Мощность двигателя, кВт | 15
Номинальная производительность насоса, м³ | 150
Частота тока, Гц | 50
Электрическое напряжение, В | 380
Количество линий потребителя | По запросу
Теплоизоляция | 
Толщина теплоизоляции, мм | 100
Материал обшивки | Оцинкованная сталь с полимерным покрытием
Габаритные размеры | 
Длина, мм | 8353
Ширина, мм | 1900
Высота, мм | 2075
КИПиА | 
Преобразователь температуры | Предусмотрен
Клапан регулирующий | Предусмотрен
Затворы с электроприводом | Предусмотрены
Пост управления | Предусмотрен
Масса, кг | 2650
Страна производства | Турция";%d0%bc%d0%b0%d1%81%d0%bb%d1%8f%d0%bd%d1%8b%d0%b9-%d1%80%d0%b0%d1%81%d0%bf%d1%80%d0%b5%d0%b4%d0%b5%d0%bb%d0%b8%d1%82%d0%b5%d0%bb%d1%8c-osm-ps;https://www.erichhahn.com.tr/ru/%d0%bc%d0%b0%d1%81%d0%bb%d1%8f%d0%bd%d1%8b%d0%b9-%d1%80%d0%b0%d1%81%d0%bf%d1%80%d0%b5%d0%b4%d0%b5%d0%bb%d0%b8%d1%82%d0%b5%d0%bb%d1%8c-osm-ps/
Вспомогательное оборудование;Поточный нагреватель вязких нефтепродуктов | FH;"Поточный нагреватель вязких нефтепродуктов | FH
Поточный нагреватель вязких нефтепродуктов предназначен для нагрева вязких продуктов за счет теплообмена между технологическими средами. Может использоваться как технологическое оборудование на заводах нефтеперерабатывающей, нефтехимической, нефтяной, газовой и других отраслей промышленности.
Преимущества | FH
Установка состоит из двух кожухотрубчатых теплообменников, соединительных трубопроводов, запорно-регулирующей арматуры, контрольно-измерительных приборов и теплоизоляции. Все оборудование компактно размещено на опорной раме
Почему именно ErichHahn FH?
• Модульная конструкция
• Современное оборудование
• Высокие стандарты
";https://www.erichhahn.com.tr/wp-content/uploads/2024/09/FH-3.png;https://www.erichhahn.com.tr/wp-content/uploads/2024/09/FH-3.png, https://www.erichhahn.com.tr/wp-content/uploads/2024/09/FH-Banner-1.jpg;"Оборудование | • Кожухотрубчатые теплообменники • Запорно-регулирующая арматура • Соединительные трубопроводы • Контрольно-измерительные приборы • Теплоизоляция • Опорная рама
Климатические условия | Умеренный климат
Температура окружающей среды, ºС | от -40 до +40
Рабочая среда | Вязкие продукты
Максимальная температура рабочей среды, °С | 180
Кожухотрубчатый теплообменник | 
Количество теплообменников | 53,2
Наружный диаметр кожуха, мм | 560
Длина труб, мм | 2260
Общее число труб, шт | 296
Теплоизоляция | 
Толщина теплоизоляции, мм | 100
Материал обшивки | Оцинкованная сталь с полимерным покрытием
Система нагрева | 
Теплоноситель | Термальное масло
Максимальная температура масла при давлении 0,6 МПа, °С | 200
Габаритные размеры | 
Длина, мм | 3540
Ширина, мм | 1440
Высота, мм | 2410
КИПиА | 
Преобразователь температуры | Предусмотрен
Затвор с электроприводом | Предусмотрен
Масса, кг | 2600
Страна производства | Турция";%d0%bf%d0%be%d1%82%d0%be%d1%87%d0%bd%d1%8b%d0%b9-%d0%bd%d0%b0%d0%b3%d1%80%d0%b5%d0%b2%d0%b0%d1%82%d0%b5%d0%bb%d1%8c-%d0%b2%d1%8f%d0%b7%d0%ba%d0%b8%d1%85-%d0%bd%d0%b5%d1%84%d1%82%d0%b5%d0%bf%d1%80;https://www.erichhahn.com.tr/ru/%d0%bf%d0%be%d1%82%d0%be%d1%87%d0%bd%d1%8b%d0%b9-%d0%bd%d0%b0%d0%b3%d1%80%d0%b5%d0%b2%d0%b0%d1%82%d0%b5%d0%bb%d1%8c-%d0%b2%d1%8f%d0%b7%d0%ba%d0%b8%d1%85-%d0%bd%d0%b5%d1%84%d1%82%d0%b5%d0%bf%d1%80/
Энергетическое оборудование;Установка нагрева термального масла | THU;"Установка нагрева термального масла | THU
Предназначена для организации нагрева и циркуляции термального масла в системе обогрева мини-терминала. Установка выполнена на базе термомасляных котлов. В котле установлена газовая горелка. В зависимости от требований заказчика, котлы могут работать на любом виде топлива, включая дизельное топливо и мазут. Горелка, установленная в котле, может быть мультитопливной.
Преимущества ErichHahn THU?
THU можно использовать во многих сферах:
• Дорожное строительство
• Нефтепереработка
• Нефтехимия
• Химия
• Энергетика
• Текстильная промышленность
• Бумажная промышленность
• Металлургия
• Деревообрабатывающая промышленност
";https://www.erichhahn.com.tr/wp-content/uploads/2024/09/THU-2.jpg;https://www.erichhahn.com.tr/wp-content/uploads/2024/09/THU-2.jpg, https://www.erichhahn.com.tr/wp-content/uploads/2024/10/THU-Banner.jpg;"Блок разогрева теплоносителя | Блок предназначен для нагрева теплоносителя, участвующего в технологических процессах обогрева оборудования комплекса. В блоке размещен котел для термального масла, насосное оборудование и необходимая регулирующая арматура.
Working temperature of the heat carrier | 300°С
Calculated pressure | 1 MPa
Heat carrier | diathermic oil (without transition to the gas phase)
Ambient temperature |  from - 40 to + 40 ºС
Overall dimensions (L x W x H) | 4200 x 2250 x 2500 mm
 Weight | 5400 kg";%d1%83%d1%81%d1%82%d0%b0%d0%bd%d0%be%d0%b2%d0%ba%d0%b0-%d0%bd%d0%b0%d0%b3%d1%80%d0%b5%d0%b2%d0%b0-%d1%82%d0%b5%d1%80%d0%bc%d0%b0%d0%bb%d1%8c%d0%bd%d0%be%d0%b3%d0%be-%d0%bc%d0%b0%d1%81%d0%bb%d0%b0-th;https://www.erichhahn.com.tr/ru/%d1%83%d1%81%d1%82%d0%b0%d0%bd%d0%be%d0%b2%d0%ba%d0%b0-%d0%bd%d0%b0%d0%b3%d1%80%d0%b5%d0%b2%d0%b0-%d1%82%d0%b5%d1%80%d0%bc%d0%b0%d0%bb%d1%8c%d0%bd%d0%be%d0%b3%d0%be-%d0%bc%d0%b0%d1%81%d0%bb%d0%b0-th/
